Id,DefaultVerificationTemplateId,Question,QuestionKey,QuestionType,DisplayOrder
745c1fe7-4b7c-49d7-aa15-b259f4a1b79e,dd5a50b8-f087-4f0a-a004-ce43e92ce2b9,Company Name,OrganizationName,Label,1
b3bd74ef-f603-4b57-a3cd-63b17d513f64,dd5a50b8-f087-4f0a-a004-ce43e92ce2b9,Company Registration Number,RegistrationNumber,Label,2
fe7676aa-8295-405e-af26-b5ad63323f2e,dd5a50b8-f087-4f0a-a004-ce43e92ce2b9,GST Number,GSTNumber,Label,3
765fbbad-e32a-4962-85c1-3b6ae54d7966,dd5a50b8-f087-4f0a-a004-ce43e92ce2b9,PAN Number,PANNumber,Label,4
289f1c15-436c-4496-a9c5-f4854f54eeff,dd5a50b8-f087-4f0a-a004-ce43e92ce2b9,Email,Email,Label,5
70f780fa-491e-40d2-8066-abb8f00d71c5,dd5a50b8-f087-4f0a-a004-ce43e92ce2b9,Phone Number,Phone,Label,6
539f186b-d495-4799-ad35-b900658feda6,dd5a50b8-f087-4f0a-a004-ce43e92ce2b9,Country,Country,Label,7
d9337bc1-957e-452b-9a26-d17dda5a84b0,dd5a50b8-f087-4f0a-a004-ce43e92ce2b9,State,State,Label,8
016a906f-106e-4bef-a853-9a9b6b998fd1,dd5a50b8-f087-4f0a-a004-ce43e92ce2b9,City,City,Label,9
41daae20-f320-4937-bedc-da1f7d6ff9ab,dd5a50b8-f087-4f0a-a004-ce43e92ce2b9,Address,Address,Label,10
a591a89d-0c10-43ca-8826-87ed13b4aa34,dd5a50b8-f087-4f0a-a004-ce43e92ce2b9,Bank Name,BankName,Label,1
8e05e887-6905-4bac-b174-73f03b4f3ec2,dd5a50b8-f087-4f0a-a004-ce43e92ce2b9,Account Number,AccountNumber,Label,2
17291663-54e4-465a-b144-7fd98eaada0a,dd5a50b8-f087-4f0a-a004-ce43e92ce2b9,IFSC Code,IFSCCode,Label,3
f39ec91c-d745-4e32-b49b-e0ecd4180317,dd5a50b8-f087-4f0a-a004-ce43e92ce2b9,Bank Branch,BranchName,Label,4
7e1783ea-ebd8-4334-b01d-8b36d4336ecd,dd5a50b8-f087-4f0a-a004-ce43e92ce2b9,MSME Certificate,MSMECertificate,File,1
4aa5f5bd-df4e-4bf5-94f3-dd328a2417f0,dd5a50b8-f087-4f0a-a004-ce43e92ce2b9,ISO Certificate,ISOCertificate,File,2