Id,CountryName,CountryCode,MobileCountryCode
7aca9f67-5096-4d11-bd93-2d5f75ffdd88,Afghanistan,AF,+93
4649d6b2-b4ff-4913-8b76-c1a8aba9f09c,Albania,AL,+355
5e831e65-b3a1-4ad9-8a9a-9b73835cd83e,Algeria,DZ,+213
0aef0b4b-eb40-40dd-a39f-6c7e8b466a38,Andorra,AD,+376
c2c7028f-cfd4-485d-b551-5961b3758d90,Angola,AO,+244
58160ad1-f1b2-41e4-80a6-33b2db431683,Antigua and Barbuda,AG,+1-268
0b7d2477-c230-4341-b737-5da792ac456b,Argentina,AR,+54
6eb221df-80fc-4ae4-ae66-3b7b3ebe39f6,Armenia,AM,+374
19ce1fad-44c1-4180-bb84-658b92a57cd0,Australia,AU,+61
eda7117c-2986-4fe3-8cc8-52a0e24cf4bb,Austria,AT,+43
9b209cf7-eb6e-4896-aa57-b8c3a5167b9a,Azerbaijan,AZ,+994
20a7b786-447e-46a5-9adb-b3a6b29ff2d0,Bahamas,BS,+1-242
fbd7352c-b7ea-4a61-852e-5e7e5c9f64d3,Bahrain,BH,+973
aba33dc2-ac42-4996-a5e6-a0cba28d339e,Bangladesh,BD,+880
698c37eb-c4b8-4f5d-bbee-e5cfe9332646,Barbados,BB,+1-246
5e6808b7-2d95-43e5-8399-5dcd7fc16067,Belarus,BY,+375
6523f25b-2582-4202-85e0-47accac602dd,Belgium,BE,+32
f74f297b-d142-4f71-9b49-ecf02955a61a,Belize,BZ,+501
1be661b0-3937-41f4-bb86-6501c14f5942,Benin,BJ,+229
4f7cf1b4-ca0f-4432-ab74-bf8411dcd951,Bhutan,BT,+975
0006e780-a92e-4e07-906e-7664d43a59e8,Bolivia,BO,+591
911afc7a-2b9f-4a06-aeb9-a17dbd8cea4d,Bosnia and Herzegovina,BA,+387
02d7ac9a-437e-449d-b1b9-5a6a8bd554e2,Botswana,BW,+267
2513c351-5cb0-45d9-ae9f-f8fde0e008c8,Brazil,BR,+55
6ce66537-05b5-4cb7-b6ef-90ece8e4ab4f,Brunei,BN,+673
723c6943-96bc-4b2e-9e48-ecb0c617835c,Bulgaria,BG,+359
158f95b6-4c14-4e17-adf9-c22f498aa412,Burkina Faso,BF,+226
bcb829e1-b4d0-40b1-bd65-d74b8ae0e2d2,Burundi,BI,+257
7382282c-65c9-4094-8a50-e3c12a81044e,Cambodia,KH,+855
053bdf4e-3e6e-4eff-a6d0-8a38d2b7d6fc,Cameroon,CM,+237
ec2f56f8-5f94-4aa6-9029-0db997a57ae3,Canada,CA,+1
0bc96ccc-c346-49c6-b401-77c766ccab09,Cape Verde,CV,+238
e25ac2b3-6c72-4bd2-be5a-65d9637e8e4b,Central African Republic,CF,+236
1d99cc26-2a1a-4615-a43c-6653898311f4,Chad,TD,+235
6457654c-c7a0-4b62-bd72-8fd56f9f4e4b,Chile,CL,+56
a15cc3e8-48f0-4471-a86b-e94e52755679,China,CN,+86
cfd2d1d6-9cbe-4dd2-9079-5121d32677ba,Colombia,CO,+57
f3b74d64-9895-43b3-b2dd-477ba1bad474,Comoros,KM,+269
f1c18479-a74e-4f0c-a5d5-ffbe919b7b5d,Costa Rica,CR,+506
4774c15c-7fba-4803-8ecb-0d933ae8ce30,Croatia,HR,+385
dbc39a7a-11c6-47df-9460-d09e9089148d,Cuba,CU,+53
11f53f65-250c-4d92-bbc2-659cb0215185,Cyprus,CY,+357
1ed6f4f8-ee7f-498a-9da0-739cdae07003,Czech Republic,CZ,+420
3794dfcd-74ed-4424-babf-23806da80576,Democratic Republic of the Congo,CD,+243
143619eb-59e8-4bdb-98fa-a0e3580e35c4,Denmark,DK,+45
6ffaf98c-8cb1-49d0-93b1-ff3b9cc3d204,Djibouti,DJ,+253
e11a7978-6399-49f9-924d-e18177fba8d6,Dominica,DM,+1-767
43e4ac55-b3ad-41b9-9567-52ccda40f7fc,Dominican Republic,DO,+1-809
c523d129-1c11-449d-b537-48af4f129659,Ecuador,EC,+593
4fe928c0-122d-4c2a-8433-6e05cbc96595,Egypt,EG,+20
9e87a13f-0726-485a-a61e-75f7a0bfffc6,El Salvador,SV,+503
5ac0dfef-bf4a-4228-8bfe-8df537b7504b,Equatorial Guinea,GQ,+240
6e04a6ba-3ea0-4071-b7c6-a384be79fb03,Eritrea,ER,+291
94e438e8-ac2e-4b94-8631-1dbeb80bd270,Estonia,EE,+372
9b9251d8-b931-45a7-af14-fde72b328be5,Eswatini,SZ,+268
6776cce2-2dc8-41b7-9716-d008e918d09e,Ethiopia,ET,+251
17b50f72-b207-40eb-846c-d5473271ff89,Fiji,FJ,+679
95753cac-72b1-4763-b8b8-1f6a7c10b1ea,Finland,FI,+358
27038d49-e83a-4b65-afa0-242eb11ff322,France,FR,+33
08ce27f1-de28-4621-8808-ed4afc74f32d,Gabon,GA,+241
7e635965-cd71-412e-af5d-7d067e21a912,Gambia,GM,+220
17998482-785b-4ba4-a14a-bedf148e2a64,Georgia,GE,+995
74022cc6-163b-45d0-9d38-ba35fe45b38d,Germany,DE,+49
6228db27-68e2-4e36-891d-9f6ac9638d94,Ghana,GH,+233
56b27a9b-648e-4f26-8bfa-0509f86714c0,Greece,GR,+30
693b623d-7c32-4248-89a0-4bd3e206e08a,Grenada,GD,+1-473
612fee7d-19dc-4d59-ad64-463b6a963749,Guatemala,GT,+502
796cd669-f5a2-4f16-9b2d-f2ce4e645e9f,Guinea,GN,+224
1c15e478-8436-4c93-9c1c-68c8b49e0cf4,Guinea-Bissau,GW,+245
a6471d6c-4a15-49b9-95ca-70a16ff83e12,Guyana,GY,+592
ae499cff-5ad3-4b78-830d-d62e4ef90f39,Haiti,HT,+509
a9362a02-708f-4c3e-ab82-20b30c383622,Honduras,HN,+504
15e0994e-08b3-4427-98b0-99e0e501ce01,Hungary,HU,+36
6da9ac41-b178-4ee8-a2fc-4fb926a2c190,Iceland,IS,+354
05049d10-9cb4-48d0-9bc6-448f405b1296,India,IN,+91
da965e77-f60e-49a9-b8ca-49e7c2a15bb2,Indonesia,ID,+62
4f9f9765-a6cf-4907-a5ba-549c911acef5,Iran,IR,+98
32e1f99b-a486-48c6-b3c6-1f6f67fe78fd,Iraq,IQ,+964
2da02447-17ab-43a4-8996-21d94bd0959b,Ireland,IE,+353
6a7d67bf-01db-4d73-86d3-8604964b24ec,Israel,IL,+972
9705598f-b4da-4a58-aec4-5fa7b1383d0c,Italy,IT,+39
35432984-97ee-4884-8ddf-624f8d311667,Ivory Coast,CI,+225
ed4a2534-dcd6-445c-932c-24f2302e2351,Jamaica,JM,+1-876
33c7b44e-6528-4a60-b64f-1b163b9f143b,Japan,JP,+81
8fae4f56-9659-493c-b7f5-f41b24b62bec,Jordan,JO,+962
0d6c9b5c-c393-400a-ba9f-ef62c9a5fa94,Kazakhstan,KZ,+7
eb2a80dd-1636-499e-99a4-2590c80ec98c,Kenya,KE,+254
6054deff-6d43-4681-b8a9-e63939c69a63,Kiribati,KI,+686
02e43113-d936-4509-b051-306c7b4623fb,Kuwait,KW,+965
838f7894-180a-497b-ba57-f36afd0861fe,Kyrgyzstan,KG,+996
6135c449-b875-4623-a027-5ef864a193ed,Laos,LA,+856
533f5ee5-b3d0-4420-bf8b-0e83d988ac79,Latvia,LV,+371
8d3a9905-58cc-439f-a56a-bea6eeaaf076,Lebanon,LB,+961
1fdb9650-0150-451b-98b6-82fa53aed176,Lesotho,LS,+266
5b9b4cf4-24aa-4494-ae48-c731a2905a45,Liberia,LR,+231
189fa950-9029-498b-8623-4653fb8fa939,Libya,LY,+218
561d40b1-fa9e-4952-988c-f63cdf9bb957,Liechtenstein,LI,+423
ebb122e5-ee03-41f5-925e-9cf1067e13ac,Lithuania,LT,+370
4c1b08ff-a4ba-41ea-9e8f-101b9c6bb314,Luxembourg,LU,+352
9d4d4ed6-0331-4817-b8e1-9bec0d737c8c,Madagascar,MG,+261
6caccce3-0c92-407c-815c-16e718ee8d65,Malawi,MW,+265
511e5106-e443-4ffc-839d-e7bcb4edf72f,Malaysia,MY,+60
ba7e034a-99c1-43a3-8486-64f0e32c3227,Maldives,MV,+960
d622741c-4a65-436b-ac92-ceda9b0736ed,Mali,ML,+223
020cc9c3-41a8-4b67-9a9f-6dee1f63dc47,Malta,MT,+356
21fa801c-2dd4-45da-b6c2-35f045ad6e9a,Marshall Islands,MH,+692
ee5b728e-14f8-4bc2-aa31-ee7ed289ecb0,Mauritania,MR,+222
f4122bd7-837d-4dbb-8d01-8a90158da0d6,Mauritius,MU,+230
82fdff0b-75d0-4f9f-a944-22d6220afe0f,Mexico,MX,+52
ae278f79-639c-4273-b793-4cbd8416dce0,Micronesia,FM,+691
392b1f4b-c616-4d10-b007-098636356965,Moldova,MD,+373
d343225e-477c-4ce2-98e4-31e80186b625,Monaco,MC,+377
6e88f599-77d0-4520-8341-db621c3936db,Mongolia,MN,+976
c6513cf0-7637-4dfd-83a1-fb7ce0a37c62,Montenegro,ME,+382
b4c9fd75-561a-4822-bd96-a15408d5ebab,Morocco,MA,+212
f1245606-236e-4e29-97a0-599ededb736c,Mozambique,MZ,+258
5e7d2534-bedd-45a4-a2b5-8efc9de52fc9,Myanmar,MM,+95
edf40c6e-c601-4741-bdd5-8113de22ca95,Namibia,NA,+264
e6b0347a-cd7b-4d26-acba-f68a842d98b4,Nauru,NR,+674
6875f3ad-341f-44f7-b0c9-2cc1a71b2820,Nepal,NP,+977
b6bff488-3c96-4c61-88af-4238ce6bbdfd,Netherlands,NL,+31
9fc5154e-5612-4f00-af77-b0d2feadbbf1,New Zealand,NZ,+64
bbe2b0d9-c993-4337-b7db-0653d3221b5e,Nicaragua,NI,+505
01aeb6b8-461c-4c2e-8783-b456a6b934d3,Niger,NE,+227
899d2044-f2b5-4b0f-8205-666d0157fa59,Nigeria,NG,+234
355a691e-68ca-40aa-a19f-a7ed1ec11265,North Korea,KP,+850
fa965ee1-8302-45eb-87e1-083bbeca4c2d,North Macedonia,MK,+389
2106aca9-eb09-4f4a-8967-15e82062c01d,Norway,NO,+47
5779cda6-ad8b-4249-86f9-12b7d43240ec,Oman,OM,+968
170250e7-d1f8-4ef0-bb5f-a86fd0deddd6,Pakistan,PK,+92
37558047-ccc3-483c-9996-fd5a70a139ed,Palau,PW,+680
1237ceaa-fda1-4df6-95c5-91917f7f4366,Panama,PA,+507
d1ebac12-a2f1-402b-b008-1abb59133f0f,Papua New Guinea,PG,+675
7abe0e05-7b60-4a03-aebe-f19daf5018bd,Paraguay,PY,+595
35e320b9-450c-4f58-a2a7-4820281eb1df,Peru,PE,+51
6b2d084e-43a6-4744-b16b-b168ed5fafa1,Philippines,PH,+63
87c673af-8960-4a29-afbe-ae84cd703b1f,Poland,PL,+48
8d8e52e2-7558-493c-815b-9a57a26005a3,Portugal,PT,+351
872b17dc-4aff-4705-b640-e147880bb3b0,Qatar,QA,+974
7c336138-9e60-4815-8a9c-78e8124e0fdc,Romania,RO,+40
2d5ece44-89a9-4736-8467-1367c7a9767e,Russia,RU,+7
d5ef4774-7104-4f05-be15-a832ca33c33c,Rwanda,RW,+250
d5ea584b-724c-4691-b1cb-a1183036d977,Saint Kitts and Nevis,KN,+1-869
c9128216-319d-4c3e-a48d-320c957d3379,Saint Lucia,LC,+1-758
af44d45d-ae03-470c-8ab8-421a69b599ee,Saint Vincent and the Grenadines,VC,+1-784
c4a45212-386a-40d2-9988-78e06f8d6bd1,Samoa,WS,+685
0bc34dac-9748-42a0-b8f9-4b63fcaf4ad8,San Marino,SM,+378
4170211e-04e3-4abb-8fde-8fa33b957801,Sao Tome and Principe,ST,+239
9c432fd7-3e45-430d-b447-e2639639697d,Saudi Arabia,SA,+966
dd9124b2-caf0-48e5-9b05-2271c041796d,Senegal,SN,+221
2bb97a2b-158f-447a-9fad-ed31b3058f25,Serbia,RS,+381
47e96cfe-0f5f-4fb6-a250-661829e4e3d5,Seychelles,SC,+248
b2e2765d-beef-49f2-9995-d7d262f593fe,Sierra Leone,SL,+232
a0f885a9-e071-441d-a5bf-3dd7018b6eb7,Singapore,SG,+65
5a47e27e-fcb6-4ca0-aa4d-815b341ccd57,Slovakia,SK,+421
6f2b6ab0-a8b8-40c9-997d-c07d36915688,Slovenia,SI,+386
1b6a1b4e-4577-4a00-9af2-743980ad08e8,Solomon Islands,SB,+677
8397e12a-0c66-4ccf-81a2-5c0b361ed952,Somalia,SO,+252
860b8af0-5407-4880-bb0e-66e0dcd71cef,South Africa,ZA,+27
4739917d-6277-4621-8e4f-f40322bfe76f,South Korea,KR,+82
db0c951e-10d2-4f3c-b6b1-3f94f8ead0cc,South Sudan,SS,+211
15c8b918-1939-4ea2-b45a-c2b415a2f650,Spain,ES,+34
6ef3a114-3886-4645-a286-0e7a7dcd349c,Sri Lanka,LK,+94
3340dc39-7857-4c8d-884e-69fcdc6d7dab,Sudan,SD,+249
9a4a2a7e-b89a-49cb-8221-c8969cad802a,Suriname,SR,+597
2adacc0b-fa99-400d-a4db-fde87b99605a,Sweden,SE,+46
46cbd723-83bd-422f-bead-7dd7bf3ef9ea,Switzerland,CH,+41
2db322a6-92db-4163-a0ba-5f0384f3c8a6,Syria,SY,+963
2069ae49-0246-4547-91cd-8ccbc3209e59,Taiwan,TW,+886
29bfa20e-ff78-4b1c-b18f-96284f8d57b9,Tajikistan,TJ,+992
2d8dfa37-40cd-4ddd-b75b-1b6de655c518,Tanzania,TZ,+255
1936ce76-184c-44ce-a46a-0e3316577590,Thailand,TH,+66
72e859dc-bd73-48b2-9fea-bc6a14285dc6,Timor-Leste,TL,+670
e36c6cd2-ef24-4333-99d6-c2ab5067c721,Togo,TG,+228
74ace553-1d7e-40ef-a3ae-2f9628eddc29,Tonga,TO,+676
768d3559-0451-4f2b-bfd1-179e3605ac53,Trinidad and Tobago,TT,+1-868
2ef0047c-4837-4495-85fc-1cbff54a99f9,Tunisia,TN,+216
f266c6eb-5e48-4a86-8a56-4413002c170b,Turkey,TR,+90
d4028d35-16db-4baf-bb70-3c5076f83652,Turkmenistan,TM,+993
0fce9acb-e0e4-4de7-a3bf-d22a0491782e,Tuvalu,TV,+688
9dc72c59-abca-4cb7-900b-b0c658d33975,Uganda,UG,+256
70e38fd2-ff57-4f16-9f44-e4efd766e1aa,Ukraine,UA,+380
29c044e6-1380-42d2-89fc-2792cd6a4ac0,United Arab Emirates,AE,+971
4a190bf4-42de-4fa5-a352-8c4ea7aa7b66,United Kingdom,GB,+44
e41cad95-d254-4edc-b459-194e2847bfd1,United States,US,+1
7a312b7f-6437-4508-aa24-fe463f1131ca,Uruguay,UY,+598
ecaded5e-c94c-4fe2-ac40-064ff90f7b79,Uzbekistan,UZ,+998
d66948c3-83f3-4782-abc0-38e747abce1f,Vanuatu,VU,+678
463f9cdc-f519-4df1-a341-ad55521882e2,Vatican City,VA,+379
b43a2eb6-994a-4e15-a018-c80abb9a8a48,Venezuela,VE,+58
00e91ea2-292c-443a-b543-9e409103c508,Vietnam,VN,+84
6a57244b-56f1-4b9e-a419-b91764dd3ad8,Yemen,YE,+967
c8cd4217-a822-4eca-8f58-6c78e67993c0,Zambia,ZM,+260
da4e8c98-906c-425d-a78d-ecccb942fee2,Zimbabwe,ZW,+263
