Id,Key,Type,Description
eff83cb9-94d8-4211-a100-24f9ea632646,ADDITIONAL_UPLOADED_FILE,ENTITY_TICKET
3a51581f-e1d7-488a-98db-e16a5dc7348f,GST,DOCUMENT_TYPE,Goods and Services Tax
ef0d7d3e-fccf-426e-baaa-3f83024a11e0,PAN,DOCUMENT_TYPE,Permanent Account Number
1c4bb4d9-228e-4709-9507-04bb2ec8f88e,MSME,DOCUMENT_TYPE,Micro Small Medium Enterprise
41465c81-1f0d-4b4d-b1ad-6a5354040581,IEC,DOCUMENT_TYPE,Import Export Code
56e36754-9a48-40c0-832c-d04e8b4193e2,CIN,DOCUMENT_TYPE,Corporate Identification Number
bbb2ca8d-a5a5-4a3d-aa88-1feb05c1e959,TAN,DOCUMENT_TYPE,Tax Deduction Account Number
1cf04a3c-6df0-4127-97c3-c4b7daed8cf1,VAT,DOCUMENT_TYPE,Value Added Tax
78419ec5-11cf-48ba-9882-2da86efff13a,EIN,DOCUMENT_TYPE,Employer Identification Number
eb930484-2561-4272-89ea-a6ce009a6d2e,ABN,DOCUMENT_TYPE,Australian Business Number
92a29983-f1dc-4432-9fb0-8264cc7e4e25,UEN,DOCUMENT_TYPE,Unique Entity Number
fc89316a-62c8-4e5d-95db-617318407dd9,TRADE_LICENSE,DOCUMENT_TYPE,Trade License
6d979aeb-cd6a-490f-bed8-256feb2a1942,PASSPORT,DOCUMENT_TYPE,Passport
e4d3e752-f942-4cc1-8818-44a490390ca5,EMIRATES_ID,DOCUMENT_TYPE,Emirates ID
038274d0-ac26-4d2c-a547-458375aa58b0,POWER_OF_ATTORNEY,DOCUMENT_TYPE,Power Of Attorney
4593447b-a939-4138-b54a-8962422e8800,IBAN_CERTIFICATE,DOCUMENT_TYPE,IBAN Certificate
310369da-07ed-490f-8bdd-afc747b7adae,ISO9001,DOCUMENT_TYPE,ISO 9001
310369da-07ed-490f-8bdd-afc747b7adae,ISO14001,DOCUMENT_TYPE,ISO 14001
310369da-07ed-490f-8bdd-afc747b7adae,ISO27001,DOCUMENT_TYPE,ISO 27001
310369da-07ed-490f-8bdd-afc747b7adae,GMP,DOCUMENT_TYPE,Good Manufacturing Practice
77b1e858-7393-4ca5-a49c-c794937bd893,HACCP,DOCUMENT_TYPE,Hazard Analysis Critical Control Point
0a9f7511-a900-47e9-83e5-2f9f92bb79dc,CE,DOCUMENT_TYPE,CE Certification
0cbc2e12-827b-41d4-a4f8-ff3faaf5aed5,FDA,DOCUMENT_TYPE,FDA Approval
59476530-3c10-438b-b3b3-9db9e96e8d93,SUPPLIER,ENTITY_TYPE,Supplier Entity
57e6396d-0966-4d7d-9a8a-83a1177ce35d,VAT,ASSET_TYPE,VAT Document
9b7fef7b-3842-4683-80ed-3504e2cf5293,GST,ASSET_TYPE,GST Document
b3824ff4-aa23-40b0-ae28-2000f69b1fc7,PAN,ASSET_TYPE,PAN Document
3f8b0a95-b756-4802-b12e-4d3d195f5aef,TECHNICAL_SPECIFICATION,ASSET_TYPE,Technical Specification
e4e7d612-e728-4d9b-9d8e-2df8c17b4051,TERMS_CONDITION,ASSET_TYPE,Terms and Conditions
A469386F-6242-4E03-8557-D3D518B24EC7,ESIGN,ASSET_TYPE,Esign
1b45687b-d906-4664-a796-d131a20ddeb8,EXCEL_MATERIAL_MASTER,ASSET_TYPE,excel upload
fd52e58b-0539-48b4-a82f-a794277b5b00,RFQ_ITEM_ATTACHMENT,ASSET_TYPE,Rfq Item Attachment
bb5cd0ac-e5bb-44e1-baba-d4e803bf3777,pdf,FILE_TYPE,PDF File
a3ca9dc5-34c0-4676-9de4-9ea4514b725c,jpg,FILE_TYPE,JPG Image
05a6fd88-9b28-40a8-93d8-980bc7c614c4,jpeg,FILE_TYPE,JPEG Image
f877fcc9-100c-4a3d-8c7f-5ab490636146,png,FILE_TYPE,PNG Image
2803cfed-a776-4e0d-bf64-a752e75ad12c,doc,FILE_TYPE,Word Document
4e154045-8d03-4822-91ba-e93d63f24305,docx,FILE_TYPE,Word Document (.docx)
9df09299-2a18-456b-bc5f-20432bbd9c28,xls,FILE_TYPE,Excel Spreadsheet
95a8df52-ee53-4f4e-80f1-2218ee99a03e,xlsx,FILE_TYPE,Excel Spreadsheet (.xlsx)
6ece5275-448d-4eb9-8bbc-2e1a923dc582,PENDING_VERIFICATION,STATUS,Pending Verification
11b80ea2-e703-4d07-83ba-836b7e240659,VERIFIED,STATUS,Verified
92538a5a-7a63-4b4e-8ada-609c243677b8,REJECTED,STATUS,Rejected
466d23d7-c864-4988-95fd-3ee8f67e7393,SUBMITTED,STATUS,Submitted
383a59fd-67ce-4aaf-af6b-514272d7a2aa,RE_VERIFICATION,STATUS,Re verification
a266daa7-a80e-4463-abcc-fbe11294c051,BUYER,ENTITY_TYPE,Buyer Entity
63ecc756-81a0-40d1-8a97-81e6edc66ef2,SUPPLIER,ENTITY_TYPE,Supplier Entity
c5f41add-66e2-4399-95e8-ce13e011ab2f,MANUFACTURING,INDUSTRY,Manufacturing
1b9cdbb5-515d-427b-84d6-7564c055324c,TEXTILES_APPAREL,INDUSTRY,Textiles Apparel
e4272002-300e-4493-a80b-7f93bec4cc29,ELECTRONICS,INDUSTRY,ELECTRONICS
5cbc367c-3bde-47fc-ae0d-cd5657839470,AUTOMOTIVE,INDUSTRY,Automotive
56dc03ee-0325-46f9-94d1-de7246be6d48,FOOD_BEVERAGE,INDUSTRY,Food Beverage
4378ba61-e5ed-4632-b3a8-3181320606d0,CHEMICALS,INDUSTRY,Chemicals
4a2e8b2a-7d78-408b-9757-48ae5050bb67,CONSTRUCTION,INDUSTRY,Construction
1ce47e8d-16d3-4410-b569-bc1e1fdf4672,OTHER,INDUSTRY,Other
a10b932f-7776-4b1c-be1a-cda82a6d010a,MANUFACTURES,BUSINESS_TYPE,Manufactures
69693ad6-b075-40cd-9fc8-ca2532865eeb,TRADER_DISTRIBUTER,BUSINESS_TYPE,Trader distribution
e563d966-7214-4da8-bb5a-b7fe9ca5594a,SERVICEPROVIDER,BUSINESS_TYPE,Service Provider
445961b8-28d1-476a-8610-002d924ec9e4,EXPORTER,BUSINESS_TYPE,Exporter
c086d7bc-7fe1-44c5-9eaa-98fd3ac74327,IMPORTER,BUSINESS_TYPE,Importer
f0be8aff-8212-4baf-8579-b4e11c115e01,DRAFT,STATUS,Draft
dcd58eda-16fe-4f94-a0fe-418b68e4670f,PERCENTAGE,PERCENTAGE,Percentage
ff9334e1-87b9-4a4b-9e6a-6736b0c958ed,SUPPLIER_CATALOG,ASSET_TYPE,SupplierCatalog
afb13470-dcaf-47f7-a236-b80ca8ce7862,CHECK_BOX,QUESTION_TYPE,Check box
e7ecb6a7-c135-4685-8928-9b7b60168805,RADIO_BUTTON,QUESTION_TYPE,Radio button
ceada745-52ef-408c-ab5c-ddaf8b924691,INPUT,QUESTION_TYPE,Input Field
1cc6e550-ba79-4af4-b6b1-fab9f965fede,FILE,QUESTION_TYPE,File Type
4ef6c2c3-48cc-4a5b-bf5d-e91b524ffdae,CATALOG,CATALOG_TYPE,Catalog Type
2ff54142-0a48-44f8-91cb-0249b3043701,NONCATALOG,CATALOG_TYPE,CatalogType
132e3f5d-eb71-4819-a973-127ee52cf937,MATERIAL_CREATE,APPROVAL_TYPE,Material Create Approval
90f0a3d8-4cd0-47e6-9b1a-1aca5867d459,CONTRACT_CREATE,APPROVAL_TYPE,Contract Create Approval
60f4c837-32f1-46f1-88a2-33552ee96020,SUPPLIER_ON_BOARD,APPROVAL_TYPE,Supplier Onboard Approval
7c0b7f31-8038-401b-875c-9673a84a4d3e,CONTRACT_ATTACHMENT,ASSET_TYPE,Contract Attachment
9ab48d8a-8564-4481-a8e6-d41e0c1fd493,EXCEL,ITEM_MASTER_TYPE,item master type
0e99647a-5edd-4754-bc63-4579403bf1e7,MANUAL,ITEM_MASTER_TYPE,item master type
00e10852-1a40-4647-b8ec-374dd79dbdc9,CONTRACT_TEMPLATE,ASSET_TYPE,Contract Template 
383b36a7-2711-418e-91c1-6aab2d93cae0,PREDEFINE_CONTRACT_ATTACHMENT,ASSET_TYPE,Predefined contractAttachment
c3a8e1d4-6f20-4b9a-8d17-5e2b0a9c4f61,WISHLIST,APPROVAL_TYPE,Wishlist Approval
