Id,FeatureId,RoleId
809727b6-4ec8-46f5-8a73-00ccc2cf6753,1d609756-8ae5-4377-8ade-105346be159e,735bb267-fec0-489f-8249-d3d65b3857ea
f7cf1d56-d00f-4ad8-a5d8-98bd78d87722,b7565f96-39ba-424c-a8b9-60ec13220723,735bb267-fec0-489f-8249-d3d65b3857ea
36f1ee5c-3940-437e-9777-bc57c83d8047,0f37479f-cc4b-42cc-804c-e9348ecf3897,735bb267-fec0-489f-8249-d3d65b3857ea
b3fea63a-a7ae-4771-b180-c362f78f6e68,eb2eb079-9741-47e4-abca-3529bf98f9e5,735bb267-fec0-489f-8249-d3d65b3857ea
bb8ab3cd-c702-41aa-a7c9-c5515f78f52f,641c0389-3498-4bf8-ba77-34cf0343efb5,735bb267-fec0-489f-8249-d3d65b3857ea
43f9dcfb-9b1b-42ca-97be-c79dd4b343b6,16991c05-3e12-4ac2-9bf7-cbf9e8e9c36f,735bb267-fec0-489f-8249-d3d65b3857ea
044ec7d4-ff25-479b-a1a2-0f2a6f78eca8,d47dc419-ddae-41f0-8f73-b0cd699311f6,735bb267-fec0-489f-8249-d3d65b3857ea
ad4da155-8306-4241-94d4-19866d67a0f3,9b246fb2-bf1a-422f-badd-96a329c5f773,735bb267-fec0-489f-8249-d3d65b3857ea
a36db354-f085-427f-993f-4c263b2b98ad,96c2da1c-a40d-4c20-a1e6-914bcde7ab22,735bb267-fec0-489f-8249-d3d65b3857ea
5a4298c1-a887-44ce-9c2a-dacde6d3a471,d53cc945-76fd-42cc-b3fa-6aa3ff12a465,735bb267-fec0-489f-8249-d3d65b3857ea
171835e5-405e-4a01-82d4-6969258cf37b,99ca900b-4738-4483-8ebe-2c03049eb175,735bb267-fec0-489f-8249-d3d65b3857ea
eb852eb5-d6b3-4ebc-a079-30edb50d5c35,fed09d13-e8c0-44a1-89d8-17f16660e5f8,735bb267-fec0-489f-8249-d3d65b3857ea
9acdbb77-0229-4193-880b-5eedd3e69374,9ed5a226-f7c0-4856-a5eb-806637d35b60,735bb267-fec0-489f-8249-d3d65b3857ea
850471db-139a-4d69-be68-00fde5bf50c7,8653d301-973c-481f-8d2f-52b1fb61c41a,735bb267-fec0-489f-8249-d3d65b3857ea
119186d6-320f-4c6e-8527-35ef04301969,05c047a8-86b1-4a91-959a-9d5d5ad04ffa,735bb267-fec0-489f-8249-d3d65b3857ea
9a902c1a-0f96-40b0-888d-95c18f9a631a,965f5910-a986-4d51-81e7-fd3be275a6fb,735bb267-fec0-489f-8249-d3d65b3857ea
a124ef49-43ef-44f1-ab5e-84c7c7e5a322,07c522d6-1d1a-44a8-959f-f877ad6d0dca,735bb267-fec0-489f-8249-d3d65b3857ea
8f808538-d597-456b-8393-92942b2bc325,36f2f5d7-63d3-4ac6-a2ab-e0361d3f28c7,735bb267-fec0-489f-8249-d3d65b3857ea
62f3415f-ebcf-4323-bc7f-10ea0f9d4783,5810bffb-1908-4136-8861-709464af0ad3,735bb267-fec0-489f-8249-d3d65b3857ea
eb009169-6ad6-4025-bf4e-8840e5b8d39f,bc3cc6e5-ce18-4511-b44e-455b76b01c77,735bb267-fec0-489f-8249-d3d65b3857ea
fac2820b-dc1a-439f-9e17-5daf59a087c9,4ce81946-0275-45a5-b8d8-0b0f914645e4,735bb267-fec0-489f-8249-d3d65b3857ea
fb3f95a7-c35b-4eca-b079-7efe41feffcd,53064621-d38e-4579-949e-85d5242beceb,735bb267-fec0-489f-8249-d3d65b3857ea
57e7002a-6fb2-4d65-9f55-b83d33290f9c,14fde17f-3492-4a29-9077-312ef31a0fca,735bb267-fec0-489f-8249-d3d65b3857ea
501bca9b-512b-4b2e-9dfb-7a016450ac48,ed8e20e1-c3db-466e-beec-6c6e813d8687,735bb267-fec0-489f-8249-d3d65b3857ea
72b52414-8f23-4353-831d-db56fdb8dc2f,ff83ed66-e211-42b0-b368-2cf5bb8a247b,735bb267-fec0-489f-8249-d3d65b3857ea
c8d61f46-58dc-4441-838b-e3b3d2a1f1aa,10c38e9c-a47f-4ffd-b04c-d7bc3ca47f0b,735bb267-fec0-489f-8249-d3d65b3857ea
a5a20f37-fcc9-40b3-a282-7f0386489b4e,25784d28-3097-4c4b-ba8f-bfb2b1b93678,735bb267-fec0-489f-8249-d3d65b3857ea
e52bffc6-d174-4cc5-b2eb-fae3c21a4f4f,9c38da15-0173-43ba-9bd0-114e9d554184,735bb267-fec0-489f-8249-d3d65b3857ea
c181947b-8e5c-47a9-bb2c-61234d955ad9,bc8e8c27-1c9c-4018-b03e-178863095151,735bb267-fec0-489f-8249-d3d65b3857ea
f546d513-0f6e-4e8d-af66-4945e9af813b,a56fbfe7-d795-4387-bd99-dfd017d8b80c,735bb267-fec0-489f-8249-d3d65b3857ea
95b841d4-fb76-4779-b1ef-2c02f53f18b7,3d227266-3c6d-46db-9192-49922ccb04a6,735bb267-fec0-489f-8249-d3d65b3857ea
0575c490-f3c1-40fa-8184-4ac9e5f15f01,010ea5bb-5d42-4426-92ab-a537f1d5d2f4,735bb267-fec0-489f-8249-d3d65b3857ea
f118c20c-525c-4f65-b4f5-cf8527dbe260,cfce8c86-e449-4807-96a8-727e88a26da8,735bb267-fec0-489f-8249-d3d65b3857ea
ec04ae30-b351-4c57-9ebf-90b55ebeb712,421a057b-25d6-4ed9-8f55-1caff6c1cc27,735bb267-fec0-489f-8249-d3d65b3857ea
5579e8e9-55a9-4cf7-b677-93f95e7ea1c6,9e5c306e-b6ca-483e-a734-c09fc3a69746,735bb267-fec0-489f-8249-d3d65b3857ea
15be1e70-6e20-460d-80c8-d468194b79cc,91f7cb0b-d4f8-461d-ac6a-718a440766a0,735bb267-fec0-489f-8249-d3d65b3857ea
7c072050-5cfd-4252-ab27-fb4078dc08ac,1b36b5a1-8631-454a-954b-7dbeb240aee3,735bb267-fec0-489f-8249-d3d65b3857ea
68bb301e-74c0-4620-b998-10dfa8145389,002e367a-09b1-42ee-b9ac-1d20259af0a5,735bb267-fec0-489f-8249-d3d65b3857ea
210b9b61-1d90-4de3-b90a-1f4577e985a9,ee073d3d-2170-4729-9787-271c4598afca,735bb267-fec0-489f-8249-d3d65b3857ea
47323926-3703-49e8-bafd-0db08f8a7025,e48122a3-fe61-42c0-b364-989eb97eba56,735bb267-fec0-489f-8249-d3d65b3857ea
e159a619-f1fa-458c-8739-07c3c6a01bdb,a469356e-ca8f-4634-b009-57f4fdda6155,735bb267-fec0-489f-8249-d3d65b3857ea
8cf5d30f-764f-4ff2-af45-656b41c1acfa,3de2e8ad-81da-4a02-9a27-2687fce0efb1,735bb267-fec0-489f-8249-d3d65b3857ea
277ab1db-db08-4b32-9a55-088034d91271,870250e0-9235-4baf-83b7-93079b2ae5e6,735bb267-fec0-489f-8249-d3d65b3857ea
2ebbf90e-4e44-4958-a24e-d6f2fad58900,eaa4cf9b-5ac5-4080-871b-efb34875e7ed,735bb267-fec0-489f-8249-d3d65b3857ea
adf75fc8-e3ad-4162-aad5-ab14650128c5,eecdcaa2-277b-4035-8cd3-a4c6fb69c1bd,735bb267-fec0-489f-8249-d3d65b3857ea
d76497dd-bb54-4e2e-b964-1bd8d3d3f8a0,c1eb288e-9e9c-4673-a4d7-8a85772b9ee0,735bb267-fec0-489f-8249-d3d65b3857ea
a84e0a18-a054-4cc0-8a80-cc5d1c798fde,a7130ff5-554d-4e08-a334-bb470755126c,735bb267-fec0-489f-8249-d3d65b3857ea
37faa1a6-e673-49c0-88a1-4875b6f2e587,9c05179a-b390-4c71-8eca-f441e44e986a,735bb267-fec0-489f-8249-d3d65b3857ea
f239e4d4-4b1c-4ba4-816f-eedf26f1483f,811b85f5-e488-429f-9fb9-29f556eb9524,735bb267-fec0-489f-8249-d3d65b3857ea
67c68051-b691-4a29-8d54-876a3680b219,0d366815-0164-491f-832b-23cb88cff769,735bb267-fec0-489f-8249-d3d65b3857ea
6d3d523b-df6d-4401-8be6-8593393f6a32,f8674644-1206-4e40-89ad-9d54e4f41cee,c95f5a1b-4aec-4647-9328-895a58193ec4
9e31e4a7-29a0-44a6-aec3-cae2361f2ca7,1d609756-8ae5-4377-8ade-105346be159e,c95f5a1b-4aec-4647-9328-895a58193ec4
6060cd18-0e4a-4848-b6ee-12f4dcfde85c,eb2eb079-9741-47e4-abca-3529bf98f9e5,c95f5a1b-4aec-4647-9328-895a58193ec4
aed8cd69-e40e-4471-aedf-5860a91918f3,641c0389-3498-4bf8-ba77-34cf0343efb5,c95f5a1b-4aec-4647-9328-895a58193ec4
c8dea6b9-a10f-4f24-8a6d-4cc231b472eb,5528ed52-b277-4697-951a-b2836e13da2f,c95f5a1b-4aec-4647-9328-895a58193ec4
ba34e244-e7d6-4ba2-9858-7f8570d2a784,6cd35b00-d61d-44a2-b70b-a155a5e83e8e,c95f5a1b-4aec-4647-9328-895a58193ec4
5edb1566-0be6-4ba9-8903-6bcf38be1a19,4471c12d-ceaf-4967-ab48-9ab5dcdceff0,c95f5a1b-4aec-4647-9328-895a58193ec4
8ef5772e-238c-4a11-ad33-b09e7f1e92b3,36f2f5d7-63d3-4ac6-a2ab-e0361d3f28c7,c95f5a1b-4aec-4647-9328-895a58193ec4
c5dcc9d8-4d34-4bdc-99db-19ac2f83b602,9b246fb2-bf1a-422f-badd-96a329c5f773,c95f5a1b-4aec-4647-9328-895a58193ec4
3f4c6108-a7d0-4762-848b-44cbe181ac04,b2eff3dd-2aec-41ab-948c-623e97ed342d,c95f5a1b-4aec-4647-9328-895a58193ec4
56fbc32c-9223-4174-b093-06bb5219f24c,d53cc945-76fd-42cc-b3fa-6aa3ff12a465,c95f5a1b-4aec-4647-9328-895a58193ec4
be10d857-c8da-4692-8107-e834c5c0db59,99ca900b-4738-4483-8ebe-2c03049eb175,c95f5a1b-4aec-4647-9328-895a58193ec4
935a720d-b62e-425d-9ae4-911022a01f8f,05c047a8-86b1-4a91-959a-9d5d5ad04ffa,c95f5a1b-4aec-4647-9328-895a58193ec4
d374d7f4-5ff2-4763-b403-8ffe3f0e3dde,32329444-6717-47a4-b79f-62196f892306,c95f5a1b-4aec-4647-9328-895a58193ec4
9e377c03-6d0d-4363-a795-0d7adf3486be,3b3ee292-bf9e-4c69-baa1-e8eddfda7adb,c95f5a1b-4aec-4647-9328-895a58193ec4
79037dff-80fa-4d37-aac8-e494920fb7e9,965f5910-a986-4d51-81e7-fd3be275a6fb,c95f5a1b-4aec-4647-9328-895a58193ec4
60343d9e-9567-4a43-bf25-ada1944ede44,5810bffb-1908-4136-8861-709464af0ad3,c95f5a1b-4aec-4647-9328-895a58193ec4
62220ce1-f037-4975-b89e-5455c9459279,91f7cb0b-d4f8-461d-ac6a-718a440766a0,c95f5a1b-4aec-4647-9328-895a58193ec4
1934aa6c-2882-47f8-a2d3-510de2638f18,9e5c306e-b6ca-483e-a734-c09fc3a69746,c95f5a1b-4aec-4647-9328-895a58193ec4
bee1e620-1336-4177-af0f-f706e3d68999,010ea5bb-5d42-4426-92ab-a537f1d5d2f4,c95f5a1b-4aec-4647-9328-895a58193ec4
cbb9c222-3a91-4b8d-8988-cd8eddc18b16,de39733e-e8cd-4d74-9ef1-3a96e0c44d71,c95f5a1b-4aec-4647-9328-895a58193ec4
0f2b1657-818a-4bb7-99de-9384b7ee4cc0,a7e617b8-1781-457d-8411-c441d23e7813,c95f5a1b-4aec-4647-9328-895a58193ec4
fd48cee7-68d0-466a-b095-44edf077e2b5,bed0c8f7-c866-41c2-90b4-14747dc203eb,c95f5a1b-4aec-4647-9328-895a58193ec4
5b636dc3-2f9c-46e6-9d58-9c19ca4cf42d,ed85b1d3-1f52-45f9-9ffe-7b7f816225f2,c95f5a1b-4aec-4647-9328-895a58193ec4
860b98ca-cb1f-4ff6-8082-7404143e8c6d,9ed5a226-f7c0-4856-a5eb-806637d35b60,c95f5a1b-4aec-4647-9328-895a58193ec4
fa726cdf-e7ad-4439-ab4d-774af3eedf66,0556a3a8-7f84-4306-98e2-c930353f0fca,c95f5a1b-4aec-4647-9328-895a58193ec4
6ad4be14-59f9-4cb0-9ef7-d572d13780c0,d87ced3e-2367-4f72-ab83-bef289cd852c,c95f5a1b-4aec-4647-9328-895a58193ec4
cdb199cc-fe6f-4feb-860f-62ca51152286,47499f38-8c6a-429b-90b8-b8d9a861fdb0,c95f5a1b-4aec-4647-9328-895a58193ec4
cc445c12-296b-4028-9896-add0a80b9b02,d9e07977-af30-49eb-8a66-4c74321f627a,c95f5a1b-4aec-4647-9328-895a58193ec4
286bc33b-22b8-4039-8078-bb4dceb69fec,cbcac2ed-bdd7-4682-bc5f-95f554a404ff,c95f5a1b-4aec-4647-9328-895a58193ec4
c477039d-8ff2-4e35-98ac-f86de7ca2ee1,4be4f418-d6d3-41cc-821c-cdb9c95d0af3,c95f5a1b-4aec-4647-9328-895a58193ec4
2670c8f3-7c03-4f15-866d-795a55ef158d,dfffb29c-51c5-4483-a213-e33a439dc6b5,c95f5a1b-4aec-4647-9328-895a58193ec4
cd6ba444-eaeb-4b64-a68e-a56511ec1532,29b71335-5d9c-48bd-a310-e0b8436ebde8,c95f5a1b-4aec-4647-9328-895a58193ec4
482c7dc7-a8b1-4007-b942-8c7433ee40a6,ada98de0-cee3-4f5f-9919-1399b3dc5f90,c95f5a1b-4aec-4647-9328-895a58193ec4
12172684-cad7-40bf-b39b-476f5688a1a6,377e84f7-a773-413d-9b0d-4f122c2530db,c95f5a1b-4aec-4647-9328-895a58193ec4
5c6b2f86-d104-4299-b220-d083f29e4fe1,8dd7f425-cdbe-4ca9-8996-d1d17098ee0c,c95f5a1b-4aec-4647-9328-895a58193ec4
67e33a1a-c424-4fbb-8623-ec048e6b376d,c7fb0c9b-283f-4772-b570-a233776147a4,c95f5a1b-4aec-4647-9328-895a58193ec4
5eec1db2-bd9d-4218-9a62-c0af3937a349,7051a814-493b-44da-9043-d0db9e4bd881,c95f5a1b-4aec-4647-9328-895a58193ec4
55573c8d-93f5-47ae-98b5-210e2a9427a7,3de893a2-cd8c-4ee1-beef-d542d6e99b15,c95f5a1b-4aec-4647-9328-895a58193ec4
ab228974-f7db-451d-8e07-eafbc9ecd79f,a3848a18-b1c1-4bfc-8ea2-ba025e7b3dad,c95f5a1b-4aec-4647-9328-895a58193ec4
4b062b6d-ff79-4b36-b1a6-13f8418aeb62,bc8e8c27-1c9c-4018-b03e-178863095151,c95f5a1b-4aec-4647-9328-895a58193ec4
0b1ab0f7-9383-47d4-b561-9a63d98339f1,a56fbfe7-d795-4387-bd99-dfd017d8b80c,c95f5a1b-4aec-4647-9328-895a58193ec4
082de9d4-38b4-4b42-8b7e-7b0be08b024e,cfce8c86-e449-4807-96a8-727e88a26da8,c95f5a1b-4aec-4647-9328-895a58193ec4
1db31c06-90b7-473f-abd0-f65506327c72,ff83ed66-e211-42b0-b368-2cf5bb8a247b,c95f5a1b-4aec-4647-9328-895a58193ec4
94ea0a4b-dd11-4adb-ab82-d215c9332cf1,10c38e9c-a47f-4ffd-b04c-d7bc3ca47f0b,c95f5a1b-4aec-4647-9328-895a58193ec4
ab77882d-7571-41ee-b84f-5304e9bc6b55,25784d28-3097-4c4b-ba8f-bfb2b1b93678,c95f5a1b-4aec-4647-9328-895a58193ec4
3a055147-26f1-42cf-a2e9-44826eaff6bb,9c38da15-0173-43ba-9bd0-114e9d554184,c95f5a1b-4aec-4647-9328-895a58193ec4
29d7a4e2-ea20-4c45-93f3-66a355fad930,ee073d3d-2170-4729-9787-271c4598afca,c95f5a1b-4aec-4647-9328-895a58193ec4
f9d13cda-cde7-4fbe-a9ec-cfbd50e8e50a,137687ef-3def-464c-8f54-7acb6bcde13c,c95f5a1b-4aec-4647-9328-895a58193ec4
3f883bf6-5b75-4c8d-8448-92aad67a087f,0d366815-0164-491f-832b-23cb88cff769,c95f5a1b-4aec-4647-9328-895a58193ec4
112ebd28-f856-402c-b266-7695dd91d883,3d227266-3c6d-46db-9192-49922ccb04a6,c95f5a1b-4aec-4647-9328-895a58193ec4
d43799e4-0212-4cf3-bb61-2027c69a1423,421a057b-25d6-4ed9-8f55-1caff6c1cc27,c95f5a1b-4aec-4647-9328-895a58193ec4
b7145709-fafc-4143-aaa9-c1de77fd3f0d,1b36b5a1-8631-454a-954b-7dbeb240aee3,c95f5a1b-4aec-4647-9328-895a58193ec4
f869ee97-f794-402d-8b52-222fc9cf0a49,002e367a-09b1-42ee-b9ac-1d20259af0a5,c95f5a1b-4aec-4647-9328-895a58193ec4
7f53adca-d75e-4aef-85ec-cbd07e081090,e48122a3-fe61-42c0-b364-989eb97eba56,c95f5a1b-4aec-4647-9328-895a58193ec4
f69e3453-9fd8-403a-9e4d-502daaeb1b63,a469356e-ca8f-4634-b009-57f4fdda6155,c95f5a1b-4aec-4647-9328-895a58193ec4
16cf4ae8-5b6b-4f93-9117-d0d3c382d9d0,1bff1631-7389-46c8-9273-c1549c29c0dc,c95f5a1b-4aec-4647-9328-895a58193ec4
264d8a43-e042-45bd-a87e-3b9dce76b92d,e7d0dcef-dbbf-4580-95b2-09f2e20e59f1,c95f5a1b-4aec-4647-9328-895a58193ec4
b95a6c29-b401-45e3-9685-c25b284aebb4,811b85f5-e488-429f-9fb9-29f556eb9524,c95f5a1b-4aec-4647-9328-895a58193ec4
6dca1d7a-3fad-4c5f-b693-c53a02b308a8,4471c12d-ceaf-4967-ab48-9ab5dcdceff0,113d8ead-40c2-425a-bc60-5989e6cdabca
b6f0c24f-0784-492a-bb14-8f8ae6146f9b,eb2eb079-9741-47e4-abca-3529bf98f9e5,113d8ead-40c2-425a-bc60-5989e6cdabca
be07aa5f-0651-40e0-bf11-c6e545c602ce,641c0389-3498-4bf8-ba77-34cf0343efb5,113d8ead-40c2-425a-bc60-5989e6cdabca
5a6b3e15-20bd-435c-9329-338d9180abb5,36f2f5d7-63d3-4ac6-a2ab-e0361d3f28c7,113d8ead-40c2-425a-bc60-5989e6cdabca
97f6016f-05d5-4b3b-a927-aa6423fb037b,bc3cc6e5-ce18-4511-b44e-455b76b01c77,113d8ead-40c2-425a-bc60-5989e6cdabca
fecb9c01-db59-44ea-a008-defe3f2ba1d1,6cd35b00-d61d-44a2-b70b-a155a5e83e8e,113d8ead-40c2-425a-bc60-5989e6cdabca
9a20393a-4ff5-48be-89d6-ba759c3d9482,5810bffb-1908-4136-8861-709464af0ad3,113d8ead-40c2-425a-bc60-5989e6cdabca
3e8f1841-e9f8-4ade-96da-19f014e2cb74,965f5910-a986-4d51-81e7-fd3be275a6fb,113d8ead-40c2-425a-bc60-5989e6cdabca
5236bfe7-2358-4aea-a206-053cb55ab3c0,16991c05-3e12-4ac2-9bf7-cbf9e8e9c36f,113d8ead-40c2-425a-bc60-5989e6cdabca
9fce26f9-4f09-4b66-a4c5-62b3fce878de,0556a3a8-7f84-4306-98e2-c930353f0fca,113d8ead-40c2-425a-bc60-5989e6cdabca
f85df7bf-9731-4ddc-926c-28cdfb75ff96,d87ced3e-2367-4f72-ab83-bef289cd852c,113d8ead-40c2-425a-bc60-5989e6cdabca
54b62f9f-f11c-40c0-94dc-71da20959d86,47499f38-8c6a-429b-90b8-b8d9a861fdb0,113d8ead-40c2-425a-bc60-5989e6cdabca
971b917a-57d1-4cd2-bdde-6d0905f02b4e,d9e07977-af30-49eb-8a66-4c74321f627a,113d8ead-40c2-425a-bc60-5989e6cdabca
36fd79a2-7ab4-4821-9f49-3dbba6460648,cbcac2ed-bdd7-4682-bc5f-95f554a404ff,113d8ead-40c2-425a-bc60-5989e6cdabca
4ca354a5-7622-4df0-a368-c31885e68aa7,4be4f418-d6d3-41cc-821c-cdb9c95d0af3,113d8ead-40c2-425a-bc60-5989e6cdabca
f3e315d3-25f5-48da-89ca-f8672d23a03d,dfffb29c-51c5-4483-a213-e33a439dc6b5,113d8ead-40c2-425a-bc60-5989e6cdabca
b2e66e2d-9047-486a-a05b-5e4f1a19d3d8,29b71335-5d9c-48bd-a310-e0b8436ebde8,113d8ead-40c2-425a-bc60-5989e6cdabca
6e247afd-de92-42d2-9db6-f938122df83f,ada98de0-cee3-4f5f-9919-1399b3dc5f90,113d8ead-40c2-425a-bc60-5989e6cdabca
ef0be34f-456d-4b20-9160-d35e05a832fd,377e84f7-a773-413d-9b0d-4f122c2530db,113d8ead-40c2-425a-bc60-5989e6cdabca
6aa056c4-de82-47ad-9f5f-b54975099103,8dd7f425-cdbe-4ca9-8996-d1d17098ee0c,113d8ead-40c2-425a-bc60-5989e6cdabca
cad9bafa-cdf8-47ad-b5f1-03520811af8f,c7fb0c9b-283f-4772-b570-a233776147a4,113d8ead-40c2-425a-bc60-5989e6cdabca
be711e71-c4b2-4b8a-9251-edb0e078abd3,7051a814-493b-44da-9043-d0db9e4bd881,113d8ead-40c2-425a-bc60-5989e6cdabca
720b54ba-e446-43a7-b143-f171df995aa8,3de893a2-cd8c-4ee1-beef-d542d6e99b15,113d8ead-40c2-425a-bc60-5989e6cdabca
0bb41c15-e564-45f7-a9a1-a96359729e6a,a531277a-2b95-47ef-85e7-176b8892da77,113d8ead-40c2-425a-bc60-5989e6cdabca
4a09e2e1-c8e4-4982-990e-4cd47f15b082,80659692-8ce6-44a1-91bc-5874883060af,113d8ead-40c2-425a-bc60-5989e6cdabca
76b326be-ffec-47ec-954d-7b7bf9f47f54,c6126406-0f45-4a5f-be70-971b083925cc,113d8ead-40c2-425a-bc60-5989e6cdabca
ca1aa893-655d-45d3-9160-7f42638d0afd,ee073d3d-2170-4729-9787-271c4598afca,113d8ead-40c2-425a-bc60-5989e6cdabca
01fe9530-4464-44e0-b3d3-a72f417ad2e1,137687ef-3def-464c-8f54-7acb6bcde13c,113d8ead-40c2-425a-bc60-5989e6cdabca
4db98221-54a2-4a38-ad15-a8a3565436c5,0d366815-0164-491f-832b-23cb88cff769,113d8ead-40c2-425a-bc60-5989e6cdabca
2133cdd9-16c6-4eab-b60a-185be2ce4fb8,bc41650e-de63-471e-b221-514132488cde,113d8ead-40c2-425a-bc60-5989e6cdabca
1adea48c-d3fa-45a8-b043-f61b4d9b6775,bbf159d1-4021-4346-b73a-8b96e96cd7c0,113d8ead-40c2-425a-bc60-5989e6cdabca
f0881838-468c-4efd-b384-61ba7e6598c0,3b3ee292-bf9e-4c69-baa1-e8eddfda7adb,113d8ead-40c2-425a-bc60-5989e6cdabca
65773c4a-e164-422c-89b4-348d409bf285,421a057b-25d6-4ed9-8f55-1caff6c1cc27,113d8ead-40c2-425a-bc60-5989e6cdabca
21af47f9-6258-4a62-92f7-60d8c33a03a6,07c522d6-1d1a-44a8-959f-f877ad6d0dca,113d8ead-40c2-425a-bc60-5989e6cdabca
6734b537-50cc-4578-88c1-6ef87a0a3483,e48122a3-fe61-42c0-b364-989eb97eba56,113d8ead-40c2-425a-bc60-5989e6cdabca
8f9e9337-1fbf-4804-ac23-d5a23e679441,6ce60829-25c3-4380-bfc5-74536f6d279e,113d8ead-40c2-425a-bc60-5989e6cdabca
67f5c97d-f9b4-4fc0-ad63-755994849efb,6c0c0db4-56e6-480f-baa3-53676e794034,113d8ead-40c2-425a-bc60-5989e6cdabca
e8035856-4422-4e3d-b57f-983f6632683e,3d227266-3c6d-46db-9192-49922ccb04a6,61eb9b97-1fca-4beb-beb8-dc4b379cfa3a
65cc3a1d-a764-4333-8abf-9d884d77e4b5,5528ed52-b277-4697-951a-b2836e13da2f,61eb9b97-1fca-4beb-beb8-dc4b379cfa3a
0cecfc10-63e1-4ba8-8fa1-536a6761405b,de39733e-e8cd-4d74-9ef1-3a96e0c44d71,61eb9b97-1fca-4beb-beb8-dc4b379cfa3a
58c5b703-00d2-4da3-a75a-ffb16ec9b9d4,a7e617b8-1781-457d-8411-c441d23e7813,61eb9b97-1fca-4beb-beb8-dc4b379cfa3a
b96c95f3-a560-444e-a9de-13b3da1b0d3d,3b3ee292-bf9e-4c69-baa1-e8eddfda7adb,61eb9b97-1fca-4beb-beb8-dc4b379cfa3a
35925dec-f0b6-452d-b57c-bf50cb2510f9,965f5910-a986-4d51-81e7-fd3be275a6fb,61eb9b97-1fca-4beb-beb8-dc4b379cfa3a
88840582-0941-4746-ae38-84fda482f3ed,eb2eb079-9741-47e4-abca-3529bf98f9e5,61eb9b97-1fca-4beb-beb8-dc4b379cfa3a
e3e172c5-9541-4086-81e2-11922eb38f2f,ed85b1d3-1f52-45f9-9ffe-7b7f816225f2,61eb9b97-1fca-4beb-beb8-dc4b379cfa3a
8542533b-c19e-48a3-916b-8a6f9c5816e0,5528ed52-b277-4697-951a-b2836e13da2f,61eb9b97-1fca-4beb-beb8-dc4b379cfa3a
ad10056a-dfd4-460e-88d4-c1bf9117a565,1d609756-8ae5-4377-8ade-105346be159e,61eb9b97-1fca-4beb-beb8-dc4b379cfa3a
513424ae-5dd7-4c50-8763-e3416bac1940,641c0389-3498-4bf8-ba77-34cf0343efb5,61eb9b97-1fca-4beb-beb8-dc4b379cfa3a
9a0698e8-24cb-4def-8296-1b40860ccaab,421a057b-25d6-4ed9-8f55-1caff6c1cc27,61eb9b97-1fca-4beb-beb8-dc4b379cfa3a
b04cd7dc-f20b-4354-a160-23ec70ca5497,d489b38c-e404-42f4-9e37-a0fa1db66392,61eb9b97-1fca-4beb-beb8-dc4b379cfa3a
1f19d14d-edf0-4c8f-bf26-bccff50bd4ce,94abfc3d-91e7-4a59-b191-8b2500761c0f,61eb9b97-1fca-4beb-beb8-dc4b379cfa3a
dc400fe1-d6e3-4b13-ba5e-017daeed29cc,5810bffb-1908-4136-8861-709464af0ad3,61eb9b97-1fca-4beb-beb8-dc4b379cfa3a
3787373c-39e1-47b0-83d0-57fe27f06c13,ee073d3d-2170-4729-9787-271c4598afca,61eb9b97-1fca-4beb-beb8-dc4b379cfa3a
589dcf63-80ee-4502-a10c-9677933d73ad,e48122a3-fe61-42c0-b364-989eb97eba56,61eb9b97-1fca-4beb-beb8-dc4b379cfa3a
4dbd2790-c8be-4af4-b8ba-b413a8645e6e,1d609756-8ae5-4377-8ade-105346be159e,22067509-af24-48f8-a7e9-416a0b6a439b
79d458c2-0d31-4f80-bc1e-7607861e4a4f,0f37479f-cc4b-42cc-804c-e9348ecf3897,22067509-af24-48f8-a7e9-416a0b6a439b
a6b857c5-310e-4245-a621-7bef314e1b08,3d227266-3c6d-46db-9192-49922ccb04a6,22067509-af24-48f8-a7e9-416a0b6a439b
0f587583-7f05-4b8e-a14d-48b7b76270d6,de39733e-e8cd-4d74-9ef1-3a96e0c44d71,22067509-af24-48f8-a7e9-416a0b6a439b
c5cd4313-ee4d-4514-bec6-a0913b56e709,a7e617b8-1781-457d-8411-c441d23e7813,22067509-af24-48f8-a7e9-416a0b6a439b
743f50b4-1fa0-438c-9177-951f218faf5a,3b3ee292-bf9e-4c69-baa1-e8eddfda7adb,22067509-af24-48f8-a7e9-416a0b6a439b
6eea7dcb-e1fe-4730-93cc-b50a80cba41d,965f5910-a986-4d51-81e7-fd3be275a6fb,22067509-af24-48f8-a7e9-416a0b6a439b
9c51d62c-3e1f-4a1e-aed1-e43d6e1a892a,eb2eb079-9741-47e4-abca-3529bf98f9e5,22067509-af24-48f8-a7e9-416a0b6a439b
6041f151-100e-4c7a-aaa2-ec18043f1728,96c2da1c-a40d-4c20-a1e6-914bcde7ab22,22067509-af24-48f8-a7e9-416a0b6a439b
fe4b05e8-eb1f-4965-9c92-ff9faf0a9e8d,0f37479f-cc4b-42cc-804c-e9348ecf3897,22067509-af24-48f8-a7e9-416a0b6a439b
832a8c78-bb27-4eb9-bfa1-b41b306591c8,b7565f96-39ba-424c-a8b9-60ec13220723,22067509-af24-48f8-a7e9-416a0b6a439b
8b714b1f-8590-49e3-be24-bc949c5f6967,53064621-d38e-4579-949e-85d5242beceb,22067509-af24-48f8-a7e9-416a0b6a439b
fb05e586-3a54-42ac-91bb-48b8ab97b2cc,421a057b-25d6-4ed9-8f55-1caff6c1cc27,22067509-af24-48f8-a7e9-416a0b6a439b
db624f4a-b221-47db-a1be-7266f8495c11,5810bffb-1908-4136-8861-709464af0ad3,22067509-af24-48f8-a7e9-416a0b6a439b
702a0683-e0b1-4214-bcc0-11fdcba59931,e48122a3-fe61-42c0-b364-989eb97eba56,22067509-af24-48f8-a7e9-416a0b6a439b
f61abb3b-8a85-4cc5-83f1-1ecb4e9ce7af,eaa4cf9b-5ac5-4080-871b-efb34875e7ed,22067509-af24-48f8-a7e9-416a0b6a439b
341e44d7-f98a-4960-970e-3dc4cf769750,eecdcaa2-277b-4035-8cd3-a4c6fb69c1bd,22067509-af24-48f8-a7e9-416a0b6a439b
e7ebb5fc-45d7-4fec-954d-823b549c5763,c1eb288e-9e9c-4673-a4d7-8a85772b9ee0,22067509-af24-48f8-a7e9-416a0b6a439b
ae9de8f9-54ca-4492-be91-b33185eaa8ed,a7130ff5-554d-4e08-a334-bb470755126c,22067509-af24-48f8-a7e9-416a0b6a439b
e7485f76-9fb0-4102-a98f-fbea390ee9e4,32329444-6717-47a4-b79f-62196f892306,5a72f81e-a2c5-4f4a-bd55-6376c3c9ed73
e15e9d39-5941-4a13-9325-4ce61a987552,965f5910-a986-4d51-81e7-fd3be275a6fb,5a72f81e-a2c5-4f4a-bd55-6376c3c9ed73
11d8361b-f28c-47a4-87b7-1738174a9334,eb2eb079-9741-47e4-abca-3529bf98f9e5,5a72f81e-a2c5-4f4a-bd55-6376c3c9ed73
bf3c1aea-b3a0-4597-8a25-3b186109474d,ed85b1d3-1f52-45f9-9ffe-7b7f816225f2,5a72f81e-a2c5-4f4a-bd55-6376c3c9ed73
a3b3f745-bd38-458c-81c5-422d85afe1a5,5528ed52-b277-4697-951a-b2836e13da2f,5a72f81e-a2c5-4f4a-bd55-6376c3c9ed73
39c893dc-07ad-4b56-9975-1b5b1eaee61e,1d609756-8ae5-4377-8ade-105346be159e,5a72f81e-a2c5-4f4a-bd55-6376c3c9ed73
06be127b-d882-4550-9961-51ac62c30035,641c0389-3498-4bf8-ba77-34cf0343efb5,5a72f81e-a2c5-4f4a-bd55-6376c3c9ed73
ec9feb72-f92d-4be8-bdaa-fca514cfbee5,f8674644-1206-4e40-89ad-9d54e4f41cee,5a72f81e-a2c5-4f4a-bd55-6376c3c9ed73
554d2182-ea02-4d3e-a221-a5688b0032ee,bed0c8f7-c866-41c2-90b4-14747dc203eb,5a72f81e-a2c5-4f4a-bd55-6376c3c9ed73
fb3a1056-f9f1-4d62-82fc-53b77dc90985,cfce8c86-e449-4807-96a8-727e88a26da8,5a72f81e-a2c5-4f4a-bd55-6376c3c9ed73
f4318588-7c9b-4237-8a7f-f2df93c9e308,9e5c306e-b6ca-483e-a734-c09fc3a69746,5a72f81e-a2c5-4f4a-bd55-6376c3c9ed73
fd9cdb95-e6a3-40c9-b22b-fedfb1d58f63,29b71335-5d9c-48bd-a310-e0b8436ebde8,5a72f81e-a2c5-4f4a-bd55-6376c3c9ed73
08cb2418-4b7b-4e3b-b50e-44c23b4d0f4a,a3848a18-b1c1-4bfc-8ea2-ba025e7b3dad,5a72f81e-a2c5-4f4a-bd55-6376c3c9ed73
7d0d2361-5076-4477-a6e3-35aa090eaeaa,0556a3a8-7f84-4306-98e2-c930353f0fca,5a72f81e-a2c5-4f4a-bd55-6376c3c9ed73
14a3e968-0ce4-4518-91c6-c23294badc31,ada98de0-cee3-4f5f-9919-1399b3dc5f90,5a72f81e-a2c5-4f4a-bd55-6376c3c9ed73
f0279b2a-98b9-4d9c-9c73-d4b9d81f25d3,91f7cb0b-d4f8-461d-ac6a-718a440766a0,5a72f81e-a2c5-4f4a-bd55-6376c3c9ed73
b776513a-6901-4deb-b1e6-0c69d2f9e565,137687ef-3def-464c-8f54-7acb6bcde13c,5a72f81e-a2c5-4f4a-bd55-6376c3c9ed73
81241b62-6d0a-4b9c-95a2-95257d61e03e,0d366815-0164-491f-832b-23cb88cff769,5a72f81e-a2c5-4f4a-bd55-6376c3c9ed73
1139dd70-ac57-4992-af8f-dfb5138cda24,a56fbfe7-d795-4387-bd99-dfd017d8b80c,5a72f81e-a2c5-4f4a-bd55-6376c3c9ed73
45a351b5-0529-4d74-85a2-9ae4bb2041e4,bc8e8c27-1c9c-4018-b03e-178863095151,5a72f81e-a2c5-4f4a-bd55-6376c3c9ed73
492dfa89-f300-4fc7-8f8c-11098a4bed82,d53cc945-76fd-42cc-b3fa-6aa3ff12a465,5a72f81e-a2c5-4f4a-bd55-6376c3c9ed73
15c590a7-796d-4581-8ded-aff4a2f3f7c6,9c38da15-0173-43ba-9bd0-114e9d554184,5a72f81e-a2c5-4f4a-bd55-6376c3c9ed73
4b613f6e-2596-49e0-9ed4-65785b463acb,2705df49-177e-4db3-b1c1-a0aedfd2d345,c95f5a1b-4aec-4647-9328-895a58193ec4
a657b6b0-2476-43fe-b8d6-e44fe81cdbcc,2705df49-177e-4db3-b1c1-a0aedfd2d345,5a72f81e-a2c5-4f4a-bd55-6376c3c9ed73
76a7813a-ac78-44b7-bcbb-87bc1b026812,226b4949-33ff-4489-8607-fe82487def5c,c95f5a1b-4aec-4647-9328-895a58193ec4
f11e8a55-4c5b-475e-aaa9-eeb679bf6e99,226b4949-33ff-4489-8607-fe82487def5c,5a72f81e-a2c5-4f4a-bd55-6376c3c9ed73
24d97ee3-1321-4f31-a959-bf9e33c2aa98,05c047a8-86b1-4a91-959a-9d5d5ad04ffa,5a72f81e-a2c5-4f4a-bd55-6376c3c9ed73
f3a78c2a-4902-4be8-9c3f-b7f0fd212143,1b36b5a1-8631-454a-954b-7dbeb240aee3,5a72f81e-a2c5-4f4a-bd55-6376c3c9ed73
22d3b6f2-03e3-4808-a043-78c122167e93,002e367a-09b1-42ee-b9ac-1d20259af0a5,5a72f81e-a2c5-4f4a-bd55-6376c3c9ed73
06929067-9b3f-48a8-bccd-d6ceefbde4dc,5810bffb-1908-4136-8861-709464af0ad3,5a72f81e-a2c5-4f4a-bd55-6376c3c9ed73
fa3d5cfb-793e-4556-80d9-7b5103246431,e48122a3-fe61-42c0-b364-989eb97eba56,5a72f81e-a2c5-4f4a-bd55-6376c3c9ed73
e0fd0d29-3db5-4737-b673-ff7bf0692d1b,a469356e-ca8f-4634-b009-57f4fdda6155,5a72f81e-a2c5-4f4a-bd55-6376c3c9ed73
c3df3d02-3b61-48d4-a3d3-c3285dbb651a,1bff1631-7389-46c8-9273-c1549c29c0dc,5a72f81e-a2c5-4f4a-bd55-6376c3c9ed73
6c3793e1-95f6-4896-bcf7-9267ad95e664,e7d0dcef-dbbf-4580-95b2-09f2e20e59f1,5a72f81e-a2c5-4f4a-bd55-6376c3c9ed73
4c8adeeb-5206-4b61-aeab-090bb4f2c379,4ce81946-0275-45a5-b8d8-0b0f914645e4,937aab61-b505-4e1c-a5a3-cd63e29c6db9
309554b6-915c-4430-84ff-986948294c21,1d609756-8ae5-4377-8ade-105346be159e,937aab61-b505-4e1c-a5a3-cd63e29c6db9
cced3d41-0a49-4e26-bae7-a8d08ecd6f29,965f5910-a986-4d51-81e7-fd3be275a6fb,937aab61-b505-4e1c-a5a3-cd63e29c6db9
53f7ee4d-dd14-48f2-9a40-b05482d46725,eb2eb079-9741-47e4-abca-3529bf98f9e5,937aab61-b505-4e1c-a5a3-cd63e29c6db9
ddd46ccb-04a3-4b4c-a3f5-64b2defb436a,96c2da1c-a40d-4c20-a1e6-914bcde7ab22,937aab61-b505-4e1c-a5a3-cd63e29c6db9
7fe438d8-bdd1-4e4e-b884-93cea009f7c6,0f37479f-cc4b-42cc-804c-e9348ecf3897,937aab61-b505-4e1c-a5a3-cd63e29c6db9
c4538867-1668-44ae-a958-2ff3175022c4,b7565f96-39ba-424c-a8b9-60ec13220723,937aab61-b505-4e1c-a5a3-cd63e29c6db9
42a72c74-59ad-4873-ab8a-304041f5f4ca,53064621-d38e-4579-949e-85d5242beceb,937aab61-b505-4e1c-a5a3-cd63e29c6db9
6b65f56f-5b5a-4fa6-aabe-9ceedcbf118e,07c522d6-1d1a-44a8-959f-f877ad6d0dca,937aab61-b505-4e1c-a5a3-cd63e29c6db9
8f8f972e-af9b-40bf-b47c-786e9e252575,cfce8c86-e449-4807-96a8-727e88a26da8,937aab61-b505-4e1c-a5a3-cd63e29c6db9
01c1f5c3-902f-4059-85e1-a4f8e1625fa8,ff83ed66-e211-42b0-b368-2cf5bb8a247b,937aab61-b505-4e1c-a5a3-cd63e29c6db9
d9fa15e8-cc34-486c-81ef-e72aa8830a64,25784d28-3097-4c4b-ba8f-bfb2b1b93678,937aab61-b505-4e1c-a5a3-cd63e29c6db9
9cc469fc-41bd-44b8-add9-e4679c9baa14,fed09d13-e8c0-44a1-89d8-17f16660e5f8,937aab61-b505-4e1c-a5a3-cd63e29c6db9
ed3ca6cf-5431-43bb-81f4-12222ea55aa0,10c38e9c-a47f-4ffd-b04c-d7bc3ca47f0b,937aab61-b505-4e1c-a5a3-cd63e29c6db9
dae7e8cb-977e-4081-b62c-f82605e47900,9ed5a226-f7c0-4856-a5eb-806637d35b60,937aab61-b505-4e1c-a5a3-cd63e29c6db9
54211d60-319f-460e-b9a6-81e032dda437,8653d301-973c-481f-8d2f-52b1fb61c41a,937aab61-b505-4e1c-a5a3-cd63e29c6db9
aef04ef4-4552-4b56-8291-0672ce9cd19d,05c047a8-86b1-4a91-959a-9d5d5ad04ffa,937aab61-b505-4e1c-a5a3-cd63e29c6db9
a22c8bb5-53df-4cc0-868e-775b47dc934c,9e5c306e-b6ca-483e-a734-c09fc3a69746,937aab61-b505-4e1c-a5a3-cd63e29c6db9
84e36f1e-2626-4125-8a25-79d94468675d,91f7cb0b-d4f8-461d-ac6a-718a440766a0,937aab61-b505-4e1c-a5a3-cd63e29c6db9
27a9216d-1ed4-47f7-9924-dcda0801fc4f,1b36b5a1-8631-454a-954b-7dbeb240aee3,937aab61-b505-4e1c-a5a3-cd63e29c6db9
e1e721ce-f816-444a-bdfd-ea25186f5dc1,002e367a-09b1-42ee-b9ac-1d20259af0a5,937aab61-b505-4e1c-a5a3-cd63e29c6db9
48f4805a-575e-4d41-91f6-4dfaadad7477,5810bffb-1908-4136-8861-709464af0ad3,937aab61-b505-4e1c-a5a3-cd63e29c6db9
42426d86-02b6-4fed-b8cd-f80b88792d8c,e48122a3-fe61-42c0-b364-989eb97eba56,937aab61-b505-4e1c-a5a3-cd63e29c6db9
c184baa5-766f-4aa3-8e19-a8204b796075,a469356e-ca8f-4634-b009-57f4fdda6155,937aab61-b505-4e1c-a5a3-cd63e29c6db9
9b022972-6594-4a18-969e-7f89042a99c5,9c05179a-b390-4c71-8eca-f441e44e986a,937aab61-b505-4e1c-a5a3-cd63e29c6db9
6a17dc9a-212f-4eb5-8bce-0c28afda2f08,811b85f5-e488-429f-9fb9-29f556eb9524,937aab61-b505-4e1c-a5a3-cd63e29c6db9
a04d341c-ed78-4477-b057-b01bd0064608,0d366815-0164-491f-832b-23cb88cff769,61eb9b97-1fca-4beb-beb8-dc4b379cfa3a
9a4e7616-a500-484c-a35b-230d8c8d5f69,0d366815-0164-491f-832b-23cb88cff769,22067509-af24-48f8-a7e9-416a0b6a439b
783a77f1-5e08-4fa7-8081-324ace638ffe,36f2f5d7-63d3-4ac6-a2ab-e0361d3f28c7,61eb9b97-1fca-4beb-beb8-dc4b379cfa3a
ee398aef-5524-465c-943e-16e0a31d046f,36f2f5d7-63d3-4ac6-a2ab-e0361d3f28c7,22067509-af24-48f8-a7e9-416a0b6a439b
af826231-f228-479d-88cb-bc14f837219a,36f2f5d7-63d3-4ac6-a2ab-e0361d3f28c7,5a72f81e-a2c5-4f4a-bd55-6376c3c9ed73
053ec390-5d68-491b-82cc-e7497114e1b4,36f2f5d7-63d3-4ac6-a2ab-e0361d3f28c7,937aab61-b505-4e1c-a5a3-cd63e29c6db9
68c78263-cfcf-433e-b0de-1c27d5a24883,3b3ee292-bf9e-4c69-baa1-e8eddfda7adb,735bb267-fec0-489f-8249-d3d65b3857ea
a57a08b7-1ab5-4928-9766-233b8f9625b5,cc305ef6-d9f9-44a4-834f-cc15e265f6e4,735bb267-fec0-489f-8249-d3d65b3857ea
b94e7ec5-344f-411e-b58b-0e5ac217a35a,688bd092-b138-4e0f-8e59-6dff0a28bed5,c95f5a1b-4aec-4647-9328-895a58193ec4
054ede52-04b3-4012-9cb2-839014e22a07,8d454a98-42ca-4398-8837-5cc336ba9902,c95f5a1b-4aec-4647-9328-895a58193ec4
7a4a3714-a947-4172-a222-43234a9b8993,0a8a8c68-8e96-477d-8170-cb22b54b6cfe,c95f5a1b-4aec-4647-9328-895a58193ec4
fc35001f-22eb-4845-8d5f-36408bc3d986,0a8a8c68-8e96-477d-8170-cb22b54b6cfe,735bb267-fec0-489f-8249-d3d65b3857ea
355549fa-51c5-4d41-a43e-79d0fe2b505a,f983dbb4-9b5e-41f7-aeaf-697523091b18,c95f5a1b-4aec-4647-9328-895a58193ec4
4deb0d52-2c08-4959-b248-7c4440d80727,0c2a3bce-f2b3-49c4-a81b-5f1fdf0da3d8,c95f5a1b-4aec-4647-9328-895a58193ec4
6e1dd2ad-b87d-4237-a07b-7140d2a45b2a,6f2dd0cf-ef7d-4e9e-8e5c-85c2be4c8b86,c95f5a1b-4aec-4647-9328-895a58193ec4
b84ac5d5-8b03-4af8-9b88-8a960db032aa,6ce60829-25c3-4380-bfc5-74536f6d279e,c95f5a1b-4aec-4647-9328-895a58193ec4
4ae341f0-07fc-4cf7-9a09-036c811115c1,bac9ae03-3954-4f4c-ad94-e293d8c4643f,c95f5a1b-4aec-4647-9328-895a58193ec4
a8bccea5-f192-40af-9f92-214239c688ad,9e841e24-fd15-4de2-bd1e-5e41b21ba25c,c95f5a1b-4aec-4647-9328-895a58193ec4
bfb4df1f-8c3d-4137-b939-7985dae1b527,fd3ba7ee-156d-4b48-8b7b-9acf442f52c0,735bb267-fec0-489f-8249-d3d65b3857ea
12f890cd-49af-4adf-8d45-70620500010b,9b3aa8dc-3fe5-40fc-b4d5-15dfa27f7856,735bb267-fec0-489f-8249-d3d65b3857ea
9639291f-6603-4139-9536-6d312496f0f1,9b3aa8dc-3fe5-40fc-b4d5-15dfa27f7856,c95f5a1b-4aec-4647-9328-895a58193ec4
50fc44c8-2274-480b-90a6-c5ebf7b49688,9e841e24-fd15-4de2-bd1e-5e41b21ba25c,735bb267-fec0-489f-8249-d3d65b3857ea
37c69c03-3817-4d05-90c7-ce90cab56f6e,a1b3d1db-3c2b-481d-add9-94ce981f3495,735bb267-fec0-489f-8249-d3d65b3857ea
064b555c-5965-4409-b67a-29bb31a2f875,a1b3d1db-3c2b-481d-add9-94ce981f3495,c95f5a1b-4aec-4647-9328-895a58193ec4
65d8f339-ffb9-4151-aa76-9fbc2060257b,fd3ba7ee-156d-4b48-8b7b-9acf442f52c0,c95f5a1b-4aec-4647-9328-895a58193ec4
e8bc6028-77e2-4ae0-8bc5-45cd881f124f,7fbad361-dce0-43a1-b28e-52973cc61f28,c95f5a1b-4aec-4647-9328-895a58193ec4
c4e3b277-6cf1-4992-999b-6ad59f228486,7fbad361-dce0-43a1-b28e-52973cc61f28,735bb267-fec0-489f-8249-d3d65b3857ea
c0def904-360c-49bb-8b5d-dfe601ea390b,5386fc21-1f76-46c6-b0d4-dc33065f3c3e,c95f5a1b-4aec-4647-9328-895a58193ec4
aa380916-7080-4251-9d52-c51331ec28d6,5386fc21-1f76-46c6-b0d4-dc33065f3c3e,735bb267-fec0-489f-8249-d3d65b3857ea
6d84d18d-233f-4e32-bf95-3d8584a460ef,137687ef-3def-464c-8f54-7acb6bcde13c,735bb267-fec0-489f-8249-d3d65b3857ea
71226aa3-ae05-46db-b338-42f15b4429b0,137687ef-3def-464c-8f54-7acb6bcde13c,c95f5a1b-4aec-4647-9328-895a58193ec4
74d03c2e-ef71-4218-af2b-8d02323c6334,934dd1bd-7e88-49b3-89b8-d92ae42a5f2c,61eb9b97-1fca-4beb-beb8-dc4b379cfa3a
e3890f72-17bf-4963-b13a-62dbbc58b781,87994125-34b3-4a1a-9b4e-1992363e1a13,61eb9b97-1fca-4beb-beb8-dc4b379cfa3a
8bdec8c5-08a8-4eec-94b8-be8fe5204f60,85d12821-597b-48c4-955a-48bae4923117,61eb9b97-1fca-4beb-beb8-dc4b379cfa3a
c652f128-0996-44c8-90c6-0725b6580e2b,52a5fb43-cdab-463b-bb23-5aa4f73acc02,61eb9b97-1fca-4beb-beb8-dc4b379cfa3a
d5b7e636-da13-4020-95aa-bf070c9cc493,6cfb775d-65bb-42ee-a7e3-33bd3f793966,c95f5a1b-4aec-4647-9328-895a58193ec4
c2df1fd0-3e5e-457e-9141-bd3599ba22ef,6cfb775d-65bb-42ee-a7e3-33bd3f793966,735bb267-fec0-489f-8249-d3d65b3857ea
ccfaf605-c0be-4d80-b9d5-d24a92e02774,e57c3b61-163c-4983-aa66-e14b1553765a,735bb267-fec0-489f-8249-d3d65b3857ea
b95c12ab-e6fa-4ed9-888a-30c5709c4a28,e57c3b61-163c-4983-aa66-e14b1553765a,c95f5a1b-4aec-4647-9328-895a58193ec4
cafd6dd1-f962-4635-b940-51e7e9df9701,96c2da1c-a40d-4c20-a1e6-914bcde7ab22,c95f5a1b-4aec-4647-9328-895a58193ec4
8c0f2c4b-374a-4cb1-bf02-d4e36a21bbf1,3de2e8ad-81da-4a02-9a27-2687fce0efb1,22067509-af24-48f8-a7e9-416a0b6a439b
42cdb28a-fc21-4e07-be76-659718bdb1ce,870250e0-9235-4baf-83b7-93079b2ae5e6,22067509-af24-48f8-a7e9-416a0b6a439b
1190d025-2c61-4df3-9980-0e7d181c5b3f,fa12e7b5-de60-4f23-89b8-82ac0d9ed134,c95f5a1b-4aec-4647-9328-895a58193ec4
c54798c4-bd93-40b5-bd9c-b750c051add0,fa12e7b5-de60-4f23-89b8-82ac0d9ed134,735bb267-fec0-489f-8249-d3d65b3857ea
3c19253d-edcf-4637-8158-6670bc6c978d,6c0c0db4-56e6-480f-baa3-53676e794034,c95f5a1b-4aec-4647-9328-895a58193ec4
888d2a99-d819-4d52-a05f-8ddb77c24b74,f42d596f-fd29-44c7-b7d6-9390267d7bcd,c95f5a1b-4aec-4647-9328-895a58193ec4
469c3ead-f625-4a7d-817e-dabab3bc2a6b,f42d596f-fd29-44c7-b7d6-9390267d7bcd,735bb267-fec0-489f-8249-d3d65b3857ea
ef976ed6-8649-4886-a0fc-044a247120a0,688bd092-b138-4e0f-8e59-6dff0a28bed5,113d8ead-40c2-425a-bc60-5989e6cdabca
1d37fcad-a69b-4e65-bcae-a009152d9415,0c2a3bce-f2b3-49c4-a81b-5f1fdf0da3d8,113d8ead-40c2-425a-bc60-5989e6cdabca
14dd78e0-7cb4-46fd-935b-b8bc0e4fd9f5,6f2dd0cf-ef7d-4e9e-8e5c-85c2be4c8b86,113d8ead-40c2-425a-bc60-5989e6cdabca
f99926e5-0c94-487b-8ce5-4997693dfd36,fa12e7b5-de60-4f23-89b8-82ac0d9ed134,113d8ead-40c2-425a-bc60-5989e6cdabca
2a0018d9-183c-4b0e-b038-cd0ab62bac97,ee073d3d-2170-4729-9787-271c4598afca,5a72f81e-a2c5-4f4a-bd55-6376c3c9ed73
6af8dba9-82e3-4672-bbe8-68888964522d,0c2a3bce-f2b3-49c4-a81b-5f1fdf0da3d8,5a72f81e-a2c5-4f4a-bd55-6376c3c9ed73
9851dde7-7dfd-497e-8a61-21c61cba142d,6ce60829-25c3-4380-bfc5-74536f6d279e,5a72f81e-a2c5-4f4a-bd55-6376c3c9ed73
5f51d3cc-075f-4751-a18f-96fb5b069245,d489b38c-e404-42f4-9e37-a0fa1db66392,22067509-af24-48f8-a7e9-416a0b6a439b
e7992368-6c62-46d5-ad37-2ccacb2703b2,934dd1bd-7e88-49b3-89b8-d92ae42a5f2c,22067509-af24-48f8-a7e9-416a0b6a439b
88822f51-ac2a-4c55-85f0-dc1cf82f9217,87994125-34b3-4a1a-9b4e-1992363e1a13,22067509-af24-48f8-a7e9-416a0b6a439b
64ea21aa-752e-49d2-af0b-b6deea113870,fed09d13-e8c0-44a1-89d8-17f16660e5f8,c95f5a1b-4aec-4647-9328-895a58193ec4
c57eb18a-d778-4da5-849f-cdcbc0276ac0,6314ae0f-6902-4238-8dcc-453bae9f7286,c95f5a1b-4aec-4647-9328-895a58193ec4
ef837189-74f8-4d58-b2ed-88c0f5d15fce,6314ae0f-6902-4238-8dcc-453bae9f7286,735bb267-fec0-489f-8249-d3d65b3857ea
d4e93d21-cd94-4164-acf4-9906efed6344,6314ae0f-6902-4238-8dcc-453bae9f7286,937aab61-b505-4e1c-a5a3-cd63e29c6db9
f88a3d47-f968-4322-bea7-1cabb5b1c3b6,e1493e85-6e1d-4720-8195-5aab8ef0290a,113d8ead-40c2-425a-bc60-5989e6cdabca
f973e64a-abd7-479c-929b-145abdfff36d,e1493e85-6e1d-4720-8195-5aab8ef0290a,735bb267-fec0-489f-8249-d3d65b3857ea
6ccd8da8-1bf1-41a1-b6bd-fa6970f7ec7a,21a2cecc-890e-433b-9fc3-f2d1347ac95f,735bb267-fec0-489f-8249-d3d65b3857ea
a4b61faa-40f7-45fa-a901-ab490f81bd1e,e1493e85-6e1d-4720-8195-5aab8ef0290a,937aab61-b505-4e1c-a5a3-cd63e29c6db9
4a3143ca-c309-440f-876e-7fb34359279c,21a2cecc-890e-433b-9fc3-f2d1347ac95f,937aab61-b505-4e1c-a5a3-cd63e29c6db9
cee7290d-84e8-479d-a007-0a7f163fe08c,02249a41-d0dd-4bfd-8148-961c3c95dc20,c95f5a1b-4aec-4647-9328-895a58193ec4
8fb085c6-5bf1-4691-9515-bf5c873541c4,02249a41-d0dd-4bfd-8148-961c3c95dc20,5a72f81e-a2c5-4f4a-bd55-6376c3c9ed73
302ebe17-6267-41fb-a2f9-6c39bf1e6d1a,f63b785b-0be2-49c7-9b84-64689efb88a7,735bb267-fec0-489f-8249-d3d65b3857ea
98d997b7-61c9-4448-92fa-6c1ce0256a87,f63b785b-0be2-49c7-9b84-64689efb88a7,937aab61-b505-4e1c-a5a3-cd63e29c6db9
85f74b1e-8e18-4e0e-93ff-25523fac2d48,32329444-6717-47a4-b79f-62196f892306,113d8ead-40c2-425a-bc60-5989e6cdabca
26fc7244-19f7-4a87-94f6-6b3c5c76a1cc,bc41650e-de63-471e-b221-514132488cde,5a72f81e-a2c5-4f4a-bd55-6376c3c9ed73
b041e416-8177-4bb3-985f-724a0ae386d5,b85b01ce-ee95-4b45-9466-41ba45ffcfae,735bb267-fec0-489f-8249-d3d65b3857ea
2db0298d-6ff6-423d-b030-f371a6d4b736,b85b01ce-ee95-4b45-9466-41ba45ffcfae,c95f5a1b-4aec-4647-9328-895a58193ec4
58d7dd62-ec65-43ad-81c8-1ab6aa879d38,5bee9399-0f7f-4881-b362-6ca94ab3c9e4,5a72f81e-a2c5-4f4a-bd55-6376c3c9ed73
26d6a44b-a04d-41c3-9434-8391d5f0faf3,5bee9399-0f7f-4881-b362-6ca94ab3c9e4,937aab61-b505-4e1c-a5a3-cd63e29c6db9
1a9be0f9-31a8-4863-bba9-cfe45e286516,5bee9399-0f7f-4881-b362-6ca94ab3c9e4,735bb267-fec0-489f-8249-d3d65b3857ea
60b7321b-2e43-4cad-b11e-4203e833a054,5bee9399-0f7f-4881-b362-6ca94ab3c9e4,c95f5a1b-4aec-4647-9328-895a58193ec4
c1e1a3aa-04a0-48a8-89bd-9d46ff8d9ab6,d87ced3e-2367-4f72-ab83-bef289cd852c,5a72f81e-a2c5-4f4a-bd55-6376c3c9ed73
af0dd5af-09b9-42be-8d62-56552cd629f0,47499f38-8c6a-429b-90b8-b8d9a861fdb0,5a72f81e-a2c5-4f4a-bd55-6376c3c9ed73
27f7a591-358a-4c59-a539-db39e32185b0,d9e07977-af30-49eb-8a66-4c74321f627a,5a72f81e-a2c5-4f4a-bd55-6376c3c9ed73
c2224b3d-b4a7-4e10-8ee3-65cae95b5450,cbcac2ed-bdd7-4682-bc5f-95f554a404ff,5a72f81e-a2c5-4f4a-bd55-6376c3c9ed73
297c928d-7549-4288-b104-6860bca9dc13,076ab60e-d98d-4b9f-844c-de200a4f0fa9,c95f5a1b-4aec-4647-9328-895a58193ec4
1c2a352e-92ce-4999-a1a4-f13b4c3fca33,076ab60e-d98d-4b9f-844c-de200a4f0fa9,5a72f81e-a2c5-4f4a-bd55-6376c3c9ed73
6c52058e-873a-4664-b164-20bec0ac812a,076ab60e-d98d-4b9f-844c-de200a4f0fa9,113d8ead-40c2-425a-bc60-5989e6cdabca
70701235-1d0a-4955-b2bc-9e1363257b1c,6725eacb-0224-4b65-83be-bee84df22dee,5a72f81e-a2c5-4f4a-bd55-6376c3c9ed73
797f017a-8627-4fb9-8941-a393846445ac,6725eacb-0224-4b65-83be-bee84df22dee,937aab61-b505-4e1c-a5a3-cd63e29c6db9
2a970061-995d-4c1d-ac83-ab76e693a0ab,6725eacb-0224-4b65-83be-bee84df22dee,735bb267-fec0-489f-8249-d3d65b3857ea
4efd0187-0c8d-400e-ad6b-6c66a6ebb78b,6725eacb-0224-4b65-83be-bee84df22dee,c95f5a1b-4aec-4647-9328-895a58193ec4
d48fb14d-baf0-4370-bb1e-7ded839efab8,214495db-3912-40c6-88a7-afe139860d57,c95f5a1b-4aec-4647-9328-895a58193ec4
b1296ef3-60a3-47ce-a641-52f9ca52d197,214495db-3912-40c6-88a7-afe139860d57,735bb267-fec0-489f-8249-d3d65b3857ea
891ce265-7354-4f63-8a82-9ea5a75ecca7,214495db-3912-40c6-88a7-afe139860d57,937aab61-b505-4e1c-a5a3-cd63e29c6db9
11f84283-82e2-4368-83c2-e75906f476fa,214495db-3912-40c6-88a7-afe139860d57,5a72f81e-a2c5-4f4a-bd55-6376c3c9ed73
b32cf415-0654-4edf-841a-ae7388fa853a,d26c8c81-c7cc-479c-b779-97cdbcff8a0e,c95f5a1b-4aec-4647-9328-895a58193ec4
73ae04ab-0185-4896-9aff-f992f2d0b3c2,d26c8c81-c7cc-479c-b779-97cdbcff8a0e,735bb267-fec0-489f-8249-d3d65b3857ea
68640c65-9c41-4912-9234-291dcce72041,3b3ee292-bf9e-4c69-baa1-e8eddfda7adb,5a72f81e-a2c5-4f4a-bd55-6376c3c9ed73
4483e7c1-6263-4884-a81a-923f4b4d87fb,0a8a8c68-8e96-477d-8170-cb22b54b6cfe,5a72f81e-a2c5-4f4a-bd55-6376c3c9ed73
7672ee33-0dc5-4cea-9260-14f4dbf06e96,45609b42-235f-46d5-aa96-d8a7ae0ed540,735bb267-fec0-489f-8249-d3d65b3857ea
d5153f50-e922-41c9-8688-50d6575976ff,45609b42-235f-46d5-aa96-d8a7ae0ed540,c95f5a1b-4aec-4647-9328-895a58193ec4
0c6ca376-a7f0-424e-b156-38d1a8510191,45609b42-235f-46d5-aa96-d8a7ae0ed540,5a72f81e-a2c5-4f4a-bd55-6376c3c9ed73
3272cfb9-bcb0-49de-920b-3e6d7638b486,bda24a5b-8497-49cd-950e-4508cb5dbdae,c95f5a1b-4aec-4647-9328-895a58193ec4
a89677f5-1e1e-4421-8662-11dc3c3d0d55,bda24a5b-8497-49cd-950e-4508cb5dbdae,5a72f81e-a2c5-4f4a-bd55-6376c3c9ed73
cf62fbf4-eefa-4cda-a535-5ff0d3e1e8df,d26c8c81-c7cc-479c-b779-97cdbcff8a0e,937aab61-b505-4e1c-a5a3-cd63e29c6db9
8fb8216a-74b7-48eb-864d-151ca9bf25db,608f3ffc-fbb7-4b0f-9ede-821accea0686,735bb267-fec0-489f-8249-d3d65b3857ea
9de12bd1-2ec8-4804-bd2b-a1bf987e32b3,608f3ffc-fbb7-4b0f-9ede-821accea0686,c95f5a1b-4aec-4647-9328-895a58193ec4
4471b657-f6ef-4b99-b4aa-7cb2b8967655,608f3ffc-fbb7-4b0f-9ede-821accea0686,22067509-af24-48f8-a7e9-416a0b6a439b
bd97a0d4-9800-474b-8502-e631a791cdef,608f3ffc-fbb7-4b0f-9ede-821accea0686,61eb9b97-1fca-4beb-beb8-dc4b379cfa3a
a320ed3a-804b-48ad-8aaf-c4c7d2e7cafb,608f3ffc-fbb7-4b0f-9ede-821accea0686,937aab61-b505-4e1c-a5a3-cd63e29c6db9
74949c12-ae7a-48f6-91c6-194866afeae1,608f3ffc-fbb7-4b0f-9ede-821accea0686,5a72f81e-a2c5-4f4a-bd55-6376c3c9ed73
0db25119-e4f4-416d-b2de-445370d86f50,9cafde64-936d-4c25-9ea9-3d3da3177d3d,735bb267-fec0-489f-8249-d3d65b3857ea
f1139c41-f32a-4db3-a1b1-df679534fdb9,9cafde64-936d-4c25-9ea9-3d3da3177d3d,c95f5a1b-4aec-4647-9328-895a58193ec4
e721ea5d-f008-4fa3-b562-55e695ba9aee,9cafde64-936d-4c25-9ea9-3d3da3177d3d,22067509-af24-48f8-a7e9-416a0b6a439b
16904458-6b84-4f57-b513-a8a86085c28c,9cafde64-936d-4c25-9ea9-3d3da3177d3d,61eb9b97-1fca-4beb-beb8-dc4b379cfa3a
8242ee56-948e-4a17-93f0-61a223883dd4,9cafde64-936d-4c25-9ea9-3d3da3177d3d,937aab61-b505-4e1c-a5a3-cd63e29c6db9
c5716562-3564-451e-8f58-1a8884e2cb5d,9cafde64-936d-4c25-9ea9-3d3da3177d3d,5a72f81e-a2c5-4f4a-bd55-6376c3c9ed73
4a633377-f63f-4572-a139-68f430941f29,fea52d7d-801e-4678-b0f0-4356c47342e8,735bb267-fec0-489f-8249-d3d65b3857ea
66762c57-4256-4714-b389-5ece704cef5e,fea52d7d-801e-4678-b0f0-4356c47342e8,c95f5a1b-4aec-4647-9328-895a58193ec4
8f4f6ae4-f9d5-4909-ada2-075fa604a54b,fea52d7d-801e-4678-b0f0-4356c47342e8,22067509-af24-48f8-a7e9-416a0b6a439b
33a015ff-5939-4914-8858-93a1140c612f,fea52d7d-801e-4678-b0f0-4356c47342e8,61eb9b97-1fca-4beb-beb8-dc4b379cfa3a
71aa4c1a-5018-48bd-ae76-7e0fd4c3ab19,fea52d7d-801e-4678-b0f0-4356c47342e8,937aab61-b505-4e1c-a5a3-cd63e29c6db9
b24dbff6-351d-4348-9e22-3b3fcde45b8b,fea52d7d-801e-4678-b0f0-4356c47342e8,5a72f81e-a2c5-4f4a-bd55-6376c3c9ed73
2397359f-5c80-43f8-b518-aa0de9381912,c8bf66e3-8cda-4fbe-ac16-7e263ed28372,735bb267-fec0-489f-8249-d3d65b3857ea
6327a8f0-198c-4eea-b562-a2ee8235a0b6,c8bf66e3-8cda-4fbe-ac16-7e263ed28372,c95f5a1b-4aec-4647-9328-895a58193ec4
edd7a8c7-6ce0-493d-b920-15c81b4c715f,c8bf66e3-8cda-4fbe-ac16-7e263ed28372,22067509-af24-48f8-a7e9-416a0b6a439b
f2901269-d480-44da-a9e8-72c60eab261e,c8bf66e3-8cda-4fbe-ac16-7e263ed28372,61eb9b97-1fca-4beb-beb8-dc4b379cfa3a
fa755356-0b7f-4fc0-97f2-85652afb6a5b,c8bf66e3-8cda-4fbe-ac16-7e263ed28372,937aab61-b505-4e1c-a5a3-cd63e29c6db9
ff7e25c4-321f-49a7-a477-354b914b4955,c8bf66e3-8cda-4fbe-ac16-7e263ed28372,5a72f81e-a2c5-4f4a-bd55-6376c3c9ed73
5df3bbb6-f811-4d05-bec0-3f6f932b10fa,e144e094-973c-4f9d-8926-e2f4c37d6862,735bb267-fec0-489f-8249-d3d65b3857ea
64b5e735-9584-468a-88c0-c8436197fa83,e144e094-973c-4f9d-8926-e2f4c37d6862,c95f5a1b-4aec-4647-9328-895a58193ec4
88dc5842-2c5d-425b-aaa9-75beb1a2e8a7,e144e094-973c-4f9d-8926-e2f4c37d6862,22067509-af24-48f8-a7e9-416a0b6a439b
28ec201d-a72c-4473-a1a2-667bb006a017,e144e094-973c-4f9d-8926-e2f4c37d6862,61eb9b97-1fca-4beb-beb8-dc4b379cfa3a
1a2c6366-6f74-45c5-9059-70655e00f1d6,e144e094-973c-4f9d-8926-e2f4c37d6862,937aab61-b505-4e1c-a5a3-cd63e29c6db9
7a7451cf-572f-4dc0-8b91-7bfc5437b8a0,e144e094-973c-4f9d-8926-e2f4c37d6862,5a72f81e-a2c5-4f4a-bd55-6376c3c9ed73
73b412fb-91e0-41ae-b9be-cfae77e470ef,bbf159d1-4021-4346-b73a-8b96e96cd7c0,61eb9b97-1fca-4beb-beb8-dc4b379cfa3a
a7ee709a-5af7-4be7-a96b-8d8ee64d7e6e,32329444-6717-47a4-b79f-62196f892306,61eb9b97-1fca-4beb-beb8-dc4b379cfa3a
e1a6a6ab-82e3-49c2-bc09-9e6cd01f9a1b,48525a9c-66c0-4e2e-8c89-3a016af625ef,c95f5a1b-4aec-4647-9328-895a58193ec4
a91c69aa-f649-4182-b230-b0e90729345d,48525a9c-66c0-4e2e-8c89-3a016af625ef,5a72f81e-a2c5-4f4a-bd55-6376c3c9ed73
480702cb-67a6-4ece-a04c-eddfbdbf2992,2a19c15e-d956-4979-9fee-fa7b0b3c6892,c95f5a1b-4aec-4647-9328-895a58193ec4
a83180bf-cb2c-4e7a-925a-7eab0b23041d,2a19c15e-d956-4979-9fee-fa7b0b3c6892,5a72f81e-a2c5-4f4a-bd55-6376c3c9ed73
fe5c4c7b-f94a-45f7-bcb4-ba8d1101cde6,8112fc57-890a-4a39-8095-ddf73fccc25f,c95f5a1b-4aec-4647-9328-895a58193ec4
0bfac2ed-cd0a-46ed-a819-fdb0987685b5,8112fc57-890a-4a39-8095-ddf73fccc25f,5a72f81e-a2c5-4f4a-bd55-6376c3c9ed73
b01b77b2-0824-4439-b49b-25656769f0bc,d26c8c81-c7cc-479c-b779-97cdbcff8a0e,5a72f81e-a2c5-4f4a-bd55-6376c3c9ed73
ecbc3380-4c77-4dcc-9909-771c64fe2fed,d26c8c81-c7cc-479c-b779-97cdbcff8a0e,113d8ead-40c2-425a-bc60-5989e6cdabca
5ca3700a-48b1-4081-8a1c-5b7f95c626c7,e58a0a14-01f2-44db-92a3-a39f6c2b7e68,937aab61-b505-4e1c-a5a3-cd63e29c6db9
52e40679-7dec-41a2-8e43-4cf42462fa01,e58a0a14-01f2-44db-92a3-a39f6c2b7e68,735bb267-fec0-489f-8249-d3d65b3857ea
221870b5-e88e-46ef-a843-5b21f9ae8a06,e58a0a14-01f2-44db-92a3-a39f6c2b7e68,c95f5a1b-4aec-4647-9328-895a58193ec4
a55c2ed4-4fc4-4505-bc9f-c3d9bb5177c4,e58a0a14-01f2-44db-92a3-a39f6c2b7e68,5a72f81e-a2c5-4f4a-bd55-6376c3c9ed73
c0704861-a33e-4574-9192-0cbfafeb6160,714fd2e9-294c-4e12-97e5-f8cbda732cab,c95f5a1b-4aec-4647-9328-895a58193ec4
009301af-a9aa-4cca-ad75-7afb1d13b172,714fd2e9-294c-4e12-97e5-f8cbda732cab,735bb267-fec0-489f-8249-d3d65b3857ea
1650bdd4-1b17-4bc5-95c8-3e9e0913dd08,714fd2e9-294c-4e12-97e5-f8cbda732cab,937aab61-b505-4e1c-a5a3-cd63e29c6db9
3a3c6356-18a2-4ed1-93fd-698a32129d25,b0d35246-b888-4abc-b6df-3fc511c358de,c95f5a1b-4aec-4647-9328-895a58193ec4
90c6c586-73e5-44ca-9003-8ca631271b83,b0d35246-b888-4abc-b6df-3fc511c358de,5a72f81e-a2c5-4f4a-bd55-6376c3c9ed73
fa2ff8d9-c84b-473d-8d2b-9ffc7ecb2d48,153f38f0-6ede-4c4e-8c4a-d6658d989dc5,c95f5a1b-4aec-4647-9328-895a58193ec4
55be3ffd-0d47-4894-893e-66828d21476e,153f38f0-6ede-4c4e-8c4a-d6658d989dc5,5a72f81e-a2c5-4f4a-bd55-6376c3c9ed73
52d6a93e-56d8-41f9-ad3a-9f62cb324e6d,13b71ed6-a8c4-4032-b51e-216bfb4de1a2,c95f5a1b-4aec-4647-9328-895a58193ec4
4ab85b8d-a671-42e6-8d7b-4abefe9f7961,13b71ed6-a8c4-4032-b51e-216bfb4de1a2,5a72f81e-a2c5-4f4a-bd55-6376c3c9ed73
0955fae2-f86c-4148-a763-8c0b7372e094,c0940317-7adb-47be-baed-d24bfb7aa974,c95f5a1b-4aec-4647-9328-895a58193ec4
e0db96cf-7180-4b01-bc77-e1c9cae79892,c0940317-7adb-47be-baed-d24bfb7aa974,5a72f81e-a2c5-4f4a-bd55-6376c3c9ed73
08ac24b7-8620-49cc-8b05-2231d9d4a637,7c55a021-9970-4d3a-b935-578b793a0d8c,c95f5a1b-4aec-4647-9328-895a58193ec4
4d8f50bb-8061-48a2-a2a4-879e5f470628,7c55a021-9970-4d3a-b935-578b793a0d8c,5a72f81e-a2c5-4f4a-bd55-6376c3c9ed73
e1d70eb5-3420-43bd-a573-d4a8fb04bb4a,2615c972-0b16-47c4-b643-88ad7320361f,c95f5a1b-4aec-4647-9328-895a58193ec4
1ec32132-3643-4125-93bc-4913fcd8b405,2615c972-0b16-47c4-b643-88ad7320361f,5a72f81e-a2c5-4f4a-bd55-6376c3c9ed73
91c7efd2-0d82-4014-928b-280560dcfafb,c9e84b7d-268a-4701-9847-34f2aeba5737,c95f5a1b-4aec-4647-9328-895a58193ec4
a615f714-961a-4d2f-b2a0-0f898f62714a,c9e84b7d-268a-4701-9847-34f2aeba5737,5a72f81e-a2c5-4f4a-bd55-6376c3c9ed73
4cfcc999-8530-4097-a574-2b4cbd1f6f0d,37d1a035-3a93-4752-93bf-402639132fa9,c95f5a1b-4aec-4647-9328-895a58193ec4
17ab5f88-8f4f-4d04-a445-8f1cc1a18d35,37d1a035-3a93-4752-93bf-402639132fa9,5a72f81e-a2c5-4f4a-bd55-6376c3c9ed73
185c8212-8108-4acb-a306-2fb0b9685622,37d1a035-3a93-4752-93bf-402639132fa9,735bb267-fec0-489f-8249-d3d65b3857ea
c4c6ed01-816a-4e13-a5aa-4797671f0514,37d1a035-3a93-4752-93bf-402639132fa9,937aab61-b505-4e1c-a5a3-cd63e29c6db9
388aa5cd-af06-4d15-8eb3-fa7d5e38c813,ac256e7f-3653-4515-8ddc-8e9f30ea99fd,c95f5a1b-4aec-4647-9328-895a58193ec4
14fa5a57-de29-459e-a571-5edf330031e4,ac256e7f-3653-4515-8ddc-8e9f30ea99fd,5a72f81e-a2c5-4f4a-bd55-6376c3c9ed73
07d44f09-a970-4cb4-82f7-6ca5f5e57167,ac256e7f-3653-4515-8ddc-8e9f30ea99fd,735bb267-fec0-489f-8249-d3d65b3857ea
a0a176b7-092d-4661-af0d-cb537d704bb4,ac256e7f-3653-4515-8ddc-8e9f30ea99fd,937aab61-b505-4e1c-a5a3-cd63e29c6db9
6f2852f7-e316-4d02-ab46-877596f12266,bbdbf3e8-abd9-479a-bd53-d04c3aca7caa,c95f5a1b-4aec-4647-9328-895a58193ec4
03336173-c9e5-4a28-8bca-ff5353b3bcbb,bbdbf3e8-abd9-479a-bd53-d04c3aca7caa,5a72f81e-a2c5-4f4a-bd55-6376c3c9ed73
ed369578-2a3d-4a80-96a0-e91bbf3fe883,bbdbf3e8-abd9-479a-bd53-d04c3aca7caa,735bb267-fec0-489f-8249-d3d65b3857ea
ec17a953-c51a-4007-8d10-be5f890a8724,bbdbf3e8-abd9-479a-bd53-d04c3aca7caa,937aab61-b505-4e1c-a5a3-cd63e29c6db9
2e6a54ab-f5e9-4adf-b381-f20147c3c085,347878c8-ca41-4647-b57c-87102a6b98a9,c95f5a1b-4aec-4647-9328-895a58193ec4
79ad8d41-2e8e-4752-b574-1e59841c6605,347878c8-ca41-4647-b57c-87102a6b98a9,5a72f81e-a2c5-4f4a-bd55-6376c3c9ed73
aa509525-7547-45f4-8656-8f9c6d967100,fe0af80d-45d1-460d-b9e9-57568799cbe9,c95f5a1b-4aec-4647-9328-895a58193ec4
4190b640-3ede-4d87-9fd4-e1856760c918,fe0af80d-45d1-460d-b9e9-57568799cbe9,5a72f81e-a2c5-4f4a-bd55-6376c3c9ed73
fb2b4dec-3123-4202-bfe0-2d2cd8666dff,fe0af80d-45d1-460d-b9e9-57568799cbe9,735bb267-fec0-489f-8249-d3d65b3857ea
8f83219d-d2f9-4311-941f-b00a58223508,fe0af80d-45d1-460d-b9e9-57568799cbe9,937aab61-b505-4e1c-a5a3-cd63e29c6db9
fb777e25-de80-4417-97a3-b8f20064282a,be75f3d6-80f9-42c7-9a20-2da8d10dde5a,c95f5a1b-4aec-4647-9328-895a58193ec4
7668a3c7-2b44-4e02-a5e9-1b1d2d6844dd,be75f3d6-80f9-42c7-9a20-2da8d10dde5a,5a72f81e-a2c5-4f4a-bd55-6376c3c9ed73
168f0ca6-e60d-46e6-a466-a35eb7826d5f,55532c01-2092-4528-8e71-3ba5201800a7,735bb267-fec0-489f-8249-d3d65b3857ea
d32a09da-16e2-4d42-b211-e07c6c44289e,55532c01-2092-4528-8e71-3ba5201800a7,937aab61-b505-4e1c-a5a3-cd63e29c6db9
65c8d828-2c13-4ebe-9ad6-5033f893fb92,55532c01-2092-4528-8e71-3ba5201800a7,c95f5a1b-4aec-4647-9328-895a58193ec4
3bdfc951-18dc-460e-97a0-23833536ef06,913c9d34-41bb-41ec-aff2-622788303a10,735bb267-fec0-489f-8249-d3d65b3857ea
8cb79276-8cea-46d2-94d4-a403b8a0e6bd,913c9d34-41bb-41ec-aff2-622788303a10,937aab61-b505-4e1c-a5a3-cd63e29c6db9
bf65c3ef-47d6-4517-a6ef-69b53530dd57,913c9d34-41bb-41ec-aff2-622788303a10,c95f5a1b-4aec-4647-9328-895a58193ec4
c97c80fd-8299-4138-a8c3-e9047fbd31b7,913c9d34-41bb-41ec-aff2-622788303a10,5a72f81e-a2c5-4f4a-bd55-6376c3c9ed73
15401f3e-3f71-4b36-ab3b-a811afbdde3d,e95ee6c2-819c-4b17-bf65-21ca1370aadb,735bb267-fec0-489f-8249-d3d65b3857ea
5ff440b7-1f46-4400-9272-28a190a71de8,e95ee6c2-819c-4b17-bf65-21ca1370aadb,937aab61-b505-4e1c-a5a3-cd63e29c6db9
a0a7c87b-2075-4bf3-a645-4a873b6a6732,e95ee6c2-819c-4b17-bf65-21ca1370aadb,c95f5a1b-4aec-4647-9328-895a58193ec4
4bc4a5c4-d843-44db-963c-bea153d0db10,5c836a70-7711-4519-a7a7-fe019aebc860,c95f5a1b-4aec-4647-9328-895a58193ec4
cf50003c-cd73-4cb2-8976-cff684994120,5c836a70-7711-4519-a7a7-fe019aebc860,5a72f81e-a2c5-4f4a-bd55-6376c3c9ed73
83e78776-f31f-4c8c-ac9a-ae8456b0c84b,4315a7e4-07b5-4f94-a22e-8db36b343cb6,735bb267-fec0-489f-8249-d3d65b3857ea
72711afe-0263-4d89-a5d2-5389693ed485,4315a7e4-07b5-4f94-a22e-8db36b343cb6,937aab61-b505-4e1c-a5a3-cd63e29c6db9
3f1b65c4-b633-4f59-8f0d-d4dd4c003d3a,4315a7e4-07b5-4f94-a22e-8db36b343cb6,c95f5a1b-4aec-4647-9328-895a58193ec4
98e12bb1-181a-4f4d-a767-d0b52175d309,4315a7e4-07b5-4f94-a22e-8db36b343cb6,5a72f81e-a2c5-4f4a-bd55-6376c3c9ed73
abbb4097-ff32-4377-800c-401cd8b1e54e,32b7427f-9191-4025-b095-90c5c6660944,c95f5a1b-4aec-4647-9328-895a58193ec4
60581b25-d1f5-4bf4-b2c9-b41f5d7b53d4,32b7427f-9191-4025-b095-90c5c6660944,5a72f81e-a2c5-4f4a-bd55-6376c3c9ed73
da191f3e-6de8-4fac-8b48-3f8d63a484f7,069ca22f-e69b-4ca3-bbbc-536959d25aaf,735bb267-fec0-489f-8249-d3d65b3857ea
2221f628-ea07-45b3-a689-a730ad2405e9,069ca22f-e69b-4ca3-bbbc-536959d25aaf,937aab61-b505-4e1c-a5a3-cd63e29c6db9
33bcef32-14f3-4fc6-99f2-db375214317e,76d68d32-d1d0-4876-9ece-b94f6d9eccfd,c95f5a1b-4aec-4647-9328-895a58193ec4
ae19c34f-ec3a-4c44-92c9-2656d9fcbe2c,76d68d32-d1d0-4876-9ece-b94f6d9eccfd,5a72f81e-a2c5-4f4a-bd55-6376c3c9ed73
845a2886-6b90-4cd3-8fb8-efa59137d0d0,e03b6775-fdd7-466a-a2b4-dee720efd8de,c95f5a1b-4aec-4647-9328-895a58193ec4
3f357a76-bd34-4f5b-8ab2-e56234c9aadf,e03b6775-fdd7-466a-a2b4-dee720efd8de,5a72f81e-a2c5-4f4a-bd55-6376c3c9ed73
61dad4e7-3acc-4492-9b55-a8b6e86fb803,e03b6775-fdd7-466a-a2b4-dee720efd8de,735bb267-fec0-489f-8249-d3d65b3857ea
23d7ebbf-8a5f-459f-862d-15d3a6832748,e03b6775-fdd7-466a-a2b4-dee720efd8de,937aab61-b505-4e1c-a5a3-cd63e29c6db9
5b8de7ba-e2b8-48c7-bcf7-a89d65e75cfb,1e09e6ac-cd4a-497a-91ab-31c7c1c92868,735bb267-fec0-489f-8249-d3d65b3857ea
f7c0b687-9811-4a14-bfbe-3ef807f3f402,1e09e6ac-cd4a-497a-91ab-31c7c1c92868,937aab61-b505-4e1c-a5a3-cd63e29c6db9
5ba3c1d0-6a00-4012-88b7-abd0d25f67cb,1e09e6ac-cd4a-497a-91ab-31c7c1c92868,c95f5a1b-4aec-4647-9328-895a58193ec4
d90f1c35-2ebd-4bf1-a642-0aff91b258b8,1e09e6ac-cd4a-497a-91ab-31c7c1c92868,5a72f81e-a2c5-4f4a-bd55-6376c3c9ed73
15e9096a-5800-4a0f-af49-0138a95d4515,37d1a035-3a93-4752-93bf-402639132fa9,61eb9b97-1fca-4beb-beb8-dc4b379cfa3a
170b1510-80e0-429f-b062-f4733bbca771,c9e84b7d-268a-4701-9847-34f2aeba5737,61eb9b97-1fca-4beb-beb8-dc4b379cfa3a
1ab17b6b-b43b-4178-9142-c5d63fe263c4,be75f3d6-80f9-42c7-9a20-2da8d10dde5a,61eb9b97-1fca-4beb-beb8-dc4b379cfa3a
e86f59e8-2dbf-4a9e-836c-6267400c4ca8,37d1a035-3a93-4752-93bf-402639132fa9,22067509-af24-48f8-a7e9-416a0b6a439b
5e766040-b845-4a6f-bb69-0293aafea9c2,c76704b8-60fa-4641-ad83-d4bc0ab6557e,735bb267-fec0-489f-8249-d3d65b3857ea
7e50befc-d186-45c3-9fa8-7e3c83427ede,c76704b8-60fa-4641-ad83-d4bc0ab6557e,937aab61-b505-4e1c-a5a3-cd63e29c6db9
ee5a4f98-a408-4e19-8f65-892adae8f083,c76704b8-60fa-4641-ad83-d4bc0ab6557e,c95f5a1b-4aec-4647-9328-895a58193ec4
921fde5e-6f9d-4bbc-bc9c-8ed324bd991f,c76704b8-60fa-4641-ad83-d4bc0ab6557e,5a72f81e-a2c5-4f4a-bd55-6376c3c9ed73
a22acdd1-613a-4a7c-8179-c55d45397ecd,e0819475-5ecf-423b-a53f-de8bbcfd2b21,c95f5a1b-4aec-4647-9328-895a58193ec4
73645620-9332-4d16-a799-c38ebddc7b97,e0819475-5ecf-423b-a53f-de8bbcfd2b21,5a72f81e-a2c5-4f4a-bd55-6376c3c9ed73
80419a87-d8d5-4328-a891-cd95084627a1,b11369d5-6392-4790-8bbe-a26e093e6822,c95f5a1b-4aec-4647-9328-895a58193ec4
6b90bdb7-37c8-4683-99cc-597022284c4c,b11369d5-6392-4790-8bbe-a26e093e6822,5a72f81e-a2c5-4f4a-bd55-6376c3c9ed73
e2ae76dd-d38d-4579-ad59-b0ce2f8f1726,04571954-5e6d-48ee-a1cc-897f0d6042e6,c95f5a1b-4aec-4647-9328-895a58193ec4
a7b2dbc2-f774-4590-be85-7c7dea4876d3,04571954-5e6d-48ee-a1cc-897f0d6042e6,5a72f81e-a2c5-4f4a-bd55-6376c3c9ed73
aa1d07bc-7492-4dfa-9f64-45689712a60c,32329444-6717-47a4-b79f-62196f892306,7c4e1a90-6b2d-4f58-9c31-0e8a5d6f4b21
902b034c-9887-47b8-a2a5-7b02f5b524bd,965f5910-a986-4d51-81e7-fd3be275a6fb,7c4e1a90-6b2d-4f58-9c31-0e8a5d6f4b21
db333f3e-9326-4a7d-9949-41961fd27bb7,eb2eb079-9741-47e4-abca-3529bf98f9e5,7c4e1a90-6b2d-4f58-9c31-0e8a5d6f4b21
380d4f4d-2c3d-4a11-b416-f1f719a5943c,ed85b1d3-1f52-45f9-9ffe-7b7f816225f2,7c4e1a90-6b2d-4f58-9c31-0e8a5d6f4b21
4a32a72d-22c7-4c7b-b0e3-2ae9be3448ef,5528ed52-b277-4697-951a-b2836e13da2f,7c4e1a90-6b2d-4f58-9c31-0e8a5d6f4b21
e918c34d-8a03-4aea-8d95-3da5fb282965,1d609756-8ae5-4377-8ade-105346be159e,7c4e1a90-6b2d-4f58-9c31-0e8a5d6f4b21
d5b907b9-12f6-4fb1-a03d-88a5b788b6a9,641c0389-3498-4bf8-ba77-34cf0343efb5,7c4e1a90-6b2d-4f58-9c31-0e8a5d6f4b21
87328262-5a80-4486-9732-7cac2b94d5b5,f8674644-1206-4e40-89ad-9d54e4f41cee,7c4e1a90-6b2d-4f58-9c31-0e8a5d6f4b21
0e886ae1-af51-4f59-9cad-76c51fd6d6cb,bed0c8f7-c866-41c2-90b4-14747dc203eb,7c4e1a90-6b2d-4f58-9c31-0e8a5d6f4b21
ca1690be-5be0-4e29-8a2a-07370a11ece0,cfce8c86-e449-4807-96a8-727e88a26da8,7c4e1a90-6b2d-4f58-9c31-0e8a5d6f4b21
be902626-db48-43cc-8ef4-6d404f1c094a,9e5c306e-b6ca-483e-a734-c09fc3a69746,7c4e1a90-6b2d-4f58-9c31-0e8a5d6f4b21
4cea9369-d44d-4e90-a6e4-d588196e44cf,29b71335-5d9c-48bd-a310-e0b8436ebde8,7c4e1a90-6b2d-4f58-9c31-0e8a5d6f4b21
6e70aa1c-290e-4a97-887e-ea62657e652c,a3848a18-b1c1-4bfc-8ea2-ba025e7b3dad,7c4e1a90-6b2d-4f58-9c31-0e8a5d6f4b21
222f13a3-77bc-440d-a479-d9d1ffdaca53,0556a3a8-7f84-4306-98e2-c930353f0fca,7c4e1a90-6b2d-4f58-9c31-0e8a5d6f4b21
4ec9a67f-9923-4198-83f0-171d30e300e9,ada98de0-cee3-4f5f-9919-1399b3dc5f90,7c4e1a90-6b2d-4f58-9c31-0e8a5d6f4b21
94696eb4-27ca-4f75-8da0-cd1d1f1ae810,91f7cb0b-d4f8-461d-ac6a-718a440766a0,7c4e1a90-6b2d-4f58-9c31-0e8a5d6f4b21
50c0ab79-e4df-4ffb-a59a-25b269d086bf,137687ef-3def-464c-8f54-7acb6bcde13c,7c4e1a90-6b2d-4f58-9c31-0e8a5d6f4b21
f72e6690-9ce9-4507-88cd-e0ab13b50e49,0d366815-0164-491f-832b-23cb88cff769,7c4e1a90-6b2d-4f58-9c31-0e8a5d6f4b21
008ee14b-4d11-4dc7-ab4f-0cdf65fcb4c5,a56fbfe7-d795-4387-bd99-dfd017d8b80c,7c4e1a90-6b2d-4f58-9c31-0e8a5d6f4b21
787cd631-7482-4f1d-9b5b-5ae2a1d3c57a,bc8e8c27-1c9c-4018-b03e-178863095151,7c4e1a90-6b2d-4f58-9c31-0e8a5d6f4b21
303b8dc4-3510-4b7f-b16b-1fed2ce5cf16,d53cc945-76fd-42cc-b3fa-6aa3ff12a465,7c4e1a90-6b2d-4f58-9c31-0e8a5d6f4b21
a11b83e8-7bfd-4eb6-954c-0aa1d35a95c0,9c38da15-0173-43ba-9bd0-114e9d554184,7c4e1a90-6b2d-4f58-9c31-0e8a5d6f4b21
42d94504-ca14-4b9d-a62d-dc5e6a3d475a,2705df49-177e-4db3-b1c1-a0aedfd2d345,7c4e1a90-6b2d-4f58-9c31-0e8a5d6f4b21
ad392e3b-cf96-4b07-b556-7f03b09bdc49,226b4949-33ff-4489-8607-fe82487def5c,7c4e1a90-6b2d-4f58-9c31-0e8a5d6f4b21
c7ef10b9-ee99-4a33-aee8-8f4df5d691f5,05c047a8-86b1-4a91-959a-9d5d5ad04ffa,7c4e1a90-6b2d-4f58-9c31-0e8a5d6f4b21
39d54697-4c89-4605-8fe8-741bc01733f5,1b36b5a1-8631-454a-954b-7dbeb240aee3,7c4e1a90-6b2d-4f58-9c31-0e8a5d6f4b21
acbecb4c-86f7-4ea9-97c3-b9ccb0d0bd45,002e367a-09b1-42ee-b9ac-1d20259af0a5,7c4e1a90-6b2d-4f58-9c31-0e8a5d6f4b21
73306834-579a-41d8-bf83-cdd4b0532420,5810bffb-1908-4136-8861-709464af0ad3,7c4e1a90-6b2d-4f58-9c31-0e8a5d6f4b21
5b08f8d5-2d56-41aa-8cd9-7f68dd1fc8a3,e48122a3-fe61-42c0-b364-989eb97eba56,7c4e1a90-6b2d-4f58-9c31-0e8a5d6f4b21
1a1b9b17-b777-4315-9434-d4cd2e30f614,a469356e-ca8f-4634-b009-57f4fdda6155,7c4e1a90-6b2d-4f58-9c31-0e8a5d6f4b21
a15b34d9-d575-4ff4-b678-b19466c92c58,1bff1631-7389-46c8-9273-c1549c29c0dc,7c4e1a90-6b2d-4f58-9c31-0e8a5d6f4b21
7483bfae-e6bf-4818-8af5-610531ddd23a,e7d0dcef-dbbf-4580-95b2-09f2e20e59f1,7c4e1a90-6b2d-4f58-9c31-0e8a5d6f4b21
cc262896-411e-4aa7-bca5-f606d80fb140,36f2f5d7-63d3-4ac6-a2ab-e0361d3f28c7,7c4e1a90-6b2d-4f58-9c31-0e8a5d6f4b21
c4d0de0e-8533-484b-bf93-ddde5fec66a6,ee073d3d-2170-4729-9787-271c4598afca,7c4e1a90-6b2d-4f58-9c31-0e8a5d6f4b21
7ed8f305-9738-43cf-b61d-9690bdb8a1bb,0c2a3bce-f2b3-49c4-a81b-5f1fdf0da3d8,7c4e1a90-6b2d-4f58-9c31-0e8a5d6f4b21
503f0f96-faa6-4b73-96db-86f9f004e004,6ce60829-25c3-4380-bfc5-74536f6d279e,7c4e1a90-6b2d-4f58-9c31-0e8a5d6f4b21
7923f5b2-a166-4cd9-a4b1-94f89d59ce9a,02249a41-d0dd-4bfd-8148-961c3c95dc20,7c4e1a90-6b2d-4f58-9c31-0e8a5d6f4b21
0fca7aca-24cd-4e35-98a8-ad56aae9f3d3,bc41650e-de63-471e-b221-514132488cde,7c4e1a90-6b2d-4f58-9c31-0e8a5d6f4b21
65f9fa9e-56a5-4522-afa6-a83afddd4a7c,5bee9399-0f7f-4881-b362-6ca94ab3c9e4,7c4e1a90-6b2d-4f58-9c31-0e8a5d6f4b21
3f16f192-1ccd-4d4f-b200-f056510e7d96,d87ced3e-2367-4f72-ab83-bef289cd852c,7c4e1a90-6b2d-4f58-9c31-0e8a5d6f4b21
3a8f094d-edcf-4f62-9e9c-acc70c0e6d4b,47499f38-8c6a-429b-90b8-b8d9a861fdb0,7c4e1a90-6b2d-4f58-9c31-0e8a5d6f4b21
a820c250-ddad-41c4-8290-c2cfc94a294a,d9e07977-af30-49eb-8a66-4c74321f627a,7c4e1a90-6b2d-4f58-9c31-0e8a5d6f4b21
2bbb9eb8-7704-4674-b157-b13b7912db30,cbcac2ed-bdd7-4682-bc5f-95f554a404ff,7c4e1a90-6b2d-4f58-9c31-0e8a5d6f4b21
07350b05-898a-4886-a7a9-a20dddba4cfa,076ab60e-d98d-4b9f-844c-de200a4f0fa9,7c4e1a90-6b2d-4f58-9c31-0e8a5d6f4b21
e986be90-dda0-41b7-ab2d-11e95438b49d,6725eacb-0224-4b65-83be-bee84df22dee,7c4e1a90-6b2d-4f58-9c31-0e8a5d6f4b21
7c8ba495-2f0b-4303-bad6-b60bdf819965,214495db-3912-40c6-88a7-afe139860d57,7c4e1a90-6b2d-4f58-9c31-0e8a5d6f4b21
3e3519bd-b20c-4f12-9797-4c9016739f5c,3b3ee292-bf9e-4c69-baa1-e8eddfda7adb,7c4e1a90-6b2d-4f58-9c31-0e8a5d6f4b21
692cc8b9-9bb7-4936-b2e8-8ddb23683cf2,0a8a8c68-8e96-477d-8170-cb22b54b6cfe,7c4e1a90-6b2d-4f58-9c31-0e8a5d6f4b21
851019b3-573e-4e30-9c14-c1be338b710d,45609b42-235f-46d5-aa96-d8a7ae0ed540,7c4e1a90-6b2d-4f58-9c31-0e8a5d6f4b21
9960a23c-857b-4f51-ac07-6091e3ec554c,bda24a5b-8497-49cd-950e-4508cb5dbdae,7c4e1a90-6b2d-4f58-9c31-0e8a5d6f4b21
8df76f72-bf60-4964-ba29-12ae2cd55b9d,608f3ffc-fbb7-4b0f-9ede-821accea0686,7c4e1a90-6b2d-4f58-9c31-0e8a5d6f4b21
3f006c10-59db-4d5b-8115-bad8e0f994d1,9cafde64-936d-4c25-9ea9-3d3da3177d3d,7c4e1a90-6b2d-4f58-9c31-0e8a5d6f4b21
94cdb8e7-aa6c-48e2-92ba-90e79d5e01fc,fea52d7d-801e-4678-b0f0-4356c47342e8,7c4e1a90-6b2d-4f58-9c31-0e8a5d6f4b21
b25c6ba0-a6b2-4b87-b481-7768c05b16f9,c8bf66e3-8cda-4fbe-ac16-7e263ed28372,7c4e1a90-6b2d-4f58-9c31-0e8a5d6f4b21
39f52928-9efe-486b-9445-fbdb52466b98,e144e094-973c-4f9d-8926-e2f4c37d6862,7c4e1a90-6b2d-4f58-9c31-0e8a5d6f4b21
a1ff6fb0-0cc5-44c3-ab95-07e72dbb35d6,48525a9c-66c0-4e2e-8c89-3a016af625ef,7c4e1a90-6b2d-4f58-9c31-0e8a5d6f4b21
450ca756-e15a-4c38-a845-bdc2dc83e919,2a19c15e-d956-4979-9fee-fa7b0b3c6892,7c4e1a90-6b2d-4f58-9c31-0e8a5d6f4b21
2075781f-3c03-4e63-a8c7-69b60c068998,8112fc57-890a-4a39-8095-ddf73fccc25f,7c4e1a90-6b2d-4f58-9c31-0e8a5d6f4b21
c49d914c-5740-467e-bcdf-f68d6ca8d590,d26c8c81-c7cc-479c-b779-97cdbcff8a0e,7c4e1a90-6b2d-4f58-9c31-0e8a5d6f4b21
d4635d97-a385-4856-bb49-f51b098872a8,e58a0a14-01f2-44db-92a3-a39f6c2b7e68,7c4e1a90-6b2d-4f58-9c31-0e8a5d6f4b21
d34eabce-6bd8-4065-a52d-31a4ecf0d9ac,b0d35246-b888-4abc-b6df-3fc511c358de,7c4e1a90-6b2d-4f58-9c31-0e8a5d6f4b21
59a1d3d5-f5cf-43f4-b0dd-971497378ae1,153f38f0-6ede-4c4e-8c4a-d6658d989dc5,7c4e1a90-6b2d-4f58-9c31-0e8a5d6f4b21
ed592af7-a550-4f02-bf2d-972af31b8020,13b71ed6-a8c4-4032-b51e-216bfb4de1a2,7c4e1a90-6b2d-4f58-9c31-0e8a5d6f4b21
d9aa0ef3-554f-4b14-8f80-fa867edfdd50,c0940317-7adb-47be-baed-d24bfb7aa974,7c4e1a90-6b2d-4f58-9c31-0e8a5d6f4b21
d29d16b7-5a68-4eb1-9cbc-bc6aaf2a0f93,7c55a021-9970-4d3a-b935-578b793a0d8c,7c4e1a90-6b2d-4f58-9c31-0e8a5d6f4b21
dacff37a-eee5-4e55-960c-28c8a3cc8b2c,2615c972-0b16-47c4-b643-88ad7320361f,7c4e1a90-6b2d-4f58-9c31-0e8a5d6f4b21
3e4b6a8c-8283-450d-bbea-b42a4bd7aa0b,c9e84b7d-268a-4701-9847-34f2aeba5737,7c4e1a90-6b2d-4f58-9c31-0e8a5d6f4b21
d59199fa-7765-4223-99e8-2501acd2c013,37d1a035-3a93-4752-93bf-402639132fa9,7c4e1a90-6b2d-4f58-9c31-0e8a5d6f4b21
fa5b8515-8f25-4018-9202-7b6eb60b178c,ac256e7f-3653-4515-8ddc-8e9f30ea99fd,7c4e1a90-6b2d-4f58-9c31-0e8a5d6f4b21
6e0b53ac-5b71-40c5-a301-31cc843942ab,bbdbf3e8-abd9-479a-bd53-d04c3aca7caa,7c4e1a90-6b2d-4f58-9c31-0e8a5d6f4b21
2fcd5093-b4ff-4221-8b3d-cf8cf0a95ede,347878c8-ca41-4647-b57c-87102a6b98a9,7c4e1a90-6b2d-4f58-9c31-0e8a5d6f4b21
4ce16ccc-197b-4e85-b814-d4a1c17dfead,fe0af80d-45d1-460d-b9e9-57568799cbe9,7c4e1a90-6b2d-4f58-9c31-0e8a5d6f4b21
ab6210c1-e02e-404b-8ee7-93fc53dc3f22,be75f3d6-80f9-42c7-9a20-2da8d10dde5a,7c4e1a90-6b2d-4f58-9c31-0e8a5d6f4b21
d3320e64-ac8b-4a9d-ad87-d46f2f16d40c,913c9d34-41bb-41ec-aff2-622788303a10,7c4e1a90-6b2d-4f58-9c31-0e8a5d6f4b21
d569192d-8d62-4219-ad9f-c4e29faa1beb,5c836a70-7711-4519-a7a7-fe019aebc860,7c4e1a90-6b2d-4f58-9c31-0e8a5d6f4b21
9dac2af3-56fa-4d9f-a030-a46c931cc671,4315a7e4-07b5-4f94-a22e-8db36b343cb6,7c4e1a90-6b2d-4f58-9c31-0e8a5d6f4b21
87edd161-e7bd-4364-9876-156db70afb43,32b7427f-9191-4025-b095-90c5c6660944,7c4e1a90-6b2d-4f58-9c31-0e8a5d6f4b21
7d1d02ff-a13c-46ef-99ba-c3cf9cb9e695,76d68d32-d1d0-4876-9ece-b94f6d9eccfd,7c4e1a90-6b2d-4f58-9c31-0e8a5d6f4b21
b522ccdc-1387-4eb7-a597-b888db054f2f,e03b6775-fdd7-466a-a2b4-dee720efd8de,7c4e1a90-6b2d-4f58-9c31-0e8a5d6f4b21
3002457c-2163-44f6-a748-06041298b885,1e09e6ac-cd4a-497a-91ab-31c7c1c92868,7c4e1a90-6b2d-4f58-9c31-0e8a5d6f4b21
ef910917-7068-4a74-a277-807a598de889,c76704b8-60fa-4641-ad83-d4bc0ab6557e,7c4e1a90-6b2d-4f58-9c31-0e8a5d6f4b21
ed7d9ed5-aa88-466c-8e0b-f09239c63185,e0819475-5ecf-423b-a53f-de8bbcfd2b21,7c4e1a90-6b2d-4f58-9c31-0e8a5d6f4b21
42798b0c-b070-4e52-aa4a-6b236faf2e0d,b11369d5-6392-4790-8bbe-a26e093e6822,7c4e1a90-6b2d-4f58-9c31-0e8a5d6f4b21
ec73e985-0955-435e-98a4-27ac58a803a7,04571954-5e6d-48ee-a1cc-897f0d6042e6,7c4e1a90-6b2d-4f58-9c31-0e8a5d6f4b21
f87bb893-c981-49ba-a13d-a8c2a4231b0a,f1a0a001-1111-4111-8111-000000000001,7c4e1a90-6b2d-4f58-9c31-0e8a5d6f4b21
ef56fb02-7fc4-4918-b6b6-b174d741d989,f1a0a001-1111-4111-8111-000000000001,c95f5a1b-4aec-4647-9328-895a58193ec4
c170b696-aa26-43f7-bcbd-c357acf99f3c,f1a0a001-1111-4111-8111-000000000002,7c4e1a90-6b2d-4f58-9c31-0e8a5d6f4b21
41219d13-d4ad-4701-83e0-fae1e6dd8922,f1a0a001-1111-4111-8111-000000000002,c95f5a1b-4aec-4647-9328-895a58193ec4
5a50d97a-5fb8-43ba-9293-6b2678bf18fb,f1a0a001-1111-4111-8111-000000000003,7c4e1a90-6b2d-4f58-9c31-0e8a5d6f4b21
70093c9f-23da-4928-a9d5-1c2237edab3c,f1a0a001-1111-4111-8111-000000000003,c95f5a1b-4aec-4647-9328-895a58193ec4
716b1df3-33ed-47b1-822a-d9c971ba0bf8,f1a0a001-1111-4111-8111-000000000004,7c4e1a90-6b2d-4f58-9c31-0e8a5d6f4b21
10ebfab2-d904-430c-9b4c-30478a09f38b,f1a0a001-1111-4111-8111-000000000004,c95f5a1b-4aec-4647-9328-895a58193ec4
29697890-635f-4ccd-91fc-2fa2044667cc,f1a0a001-1111-4111-8111-000000000005,7c4e1a90-6b2d-4f58-9c31-0e8a5d6f4b21
31f3cd7f-9677-4242-bc5f-10f2e1538622,f1a0a001-1111-4111-8111-000000000005,c95f5a1b-4aec-4647-9328-895a58193ec4
05cd3fdf-5a7e-4763-8c37-4d082c0d0ce9,f1a0a001-1111-4111-8111-000000000006,7c4e1a90-6b2d-4f58-9c31-0e8a5d6f4b21
178f54da-2ed4-4025-9277-303d25c6847d,f1a0a001-1111-4111-8111-000000000006,c95f5a1b-4aec-4647-9328-895a58193ec4
9784e74f-d085-4ab3-9394-f33aaec4ebd7,f1a0a001-1111-4111-8111-000000000007,7c4e1a90-6b2d-4f58-9c31-0e8a5d6f4b21
f9661438-faef-47c2-a079-8a79bf5187d9,f1a0a001-1111-4111-8111-000000000007,c95f5a1b-4aec-4647-9328-895a58193ec4
46dcd7d2-60bb-4b22-a0e7-88803b6f0520,f1a0a001-1111-4111-8111-000000000008,7c4e1a90-6b2d-4f58-9c31-0e8a5d6f4b21
49f8e6f7-c7c0-4eaa-8feb-3b7b30fd0b18,f1a0a001-1111-4111-8111-000000000008,c95f5a1b-4aec-4647-9328-895a58193ec4
865d548d-0b38-4b1b-ac3a-cc8511327a3e,f1a0a001-1111-4111-8111-000000000009,7c4e1a90-6b2d-4f58-9c31-0e8a5d6f4b21
d4ae21ba-0de5-4a8c-915e-4bba8dad13d6,f1a0a001-1111-4111-8111-000000000009,c95f5a1b-4aec-4647-9328-895a58193ec4
0b7e811e-595f-4a21-954a-10a64077f25d,f1a0a001-1111-4111-8111-00000000000a,7c4e1a90-6b2d-4f58-9c31-0e8a5d6f4b21
4dc81f73-32d5-43b2-a890-3cc18360c335,f1a0a001-1111-4111-8111-00000000000a,c95f5a1b-4aec-4647-9328-895a58193ec4
3f8ad98e-4a77-41d3-8cd6-317e79a38a1e,f1a0a001-1111-4111-8111-00000000000b,7c4e1a90-6b2d-4f58-9c31-0e8a5d6f4b21
52021993-1c23-41f1-bd7a-667ec0cab220,f1a0a001-1111-4111-8111-00000000000b,c95f5a1b-4aec-4647-9328-895a58193ec4
e933501f-be27-44a7-b695-ee7a4dc11740,f1a0a001-1111-4111-8111-00000000000c,735bb267-fec0-489f-8249-d3d65b3857ea
1ef71e39-c3dc-4e71-8e62-cbb19d68d0cf,f1a0a001-1111-4111-8111-00000000000d,735bb267-fec0-489f-8249-d3d65b3857ea
a7c1d2e3-4f50-4a6b-8c7d-9e0f1a2b3c4d,f1a0a001-1111-4111-8111-00000000000e,c95f5a1b-4aec-4647-9328-895a58193ec4
cbfa83af-9691-44d6-b6e5-cbc7620b8ced,b3a6e0e1-8802-4eeb-9188-52317b5b298d,c95f5a1b-4aec-4647-9328-895a58193ec4
412438cb-4504-474c-80a9-537e22037f68,b3a6e0e1-8802-4eeb-9188-52317b5b298d,5a72f81e-a2c5-4f4a-bd55-6376c3c9ed73
53ea0fdf-fd7d-4da6-8b5e-ca6915777f67,b3a6e0e1-8802-4eeb-9188-52317b5b298d,7c4e1a90-6b2d-4f58-9c31-0e8a5d6f4b21
706f1880-a4d3-4da1-9131-151baacb51b6,fd2c2632-5478-4f8f-9892-1262805e7fec,c95f5a1b-4aec-4647-9328-895a58193ec4
8e311284-8ca1-4fb6-ae62-bfe06b2776df,fd2c2632-5478-4f8f-9892-1262805e7fec,7c4e1a90-6b2d-4f58-9c31-0e8a5d6f4b21
67b1bf24-b977-4c61-ad05-868b75c2e061,b30d5382-a016-4da6-8629-aea5d44a9403,c95f5a1b-4aec-4647-9328-895a58193ec4
40005069-4774-4b57-99f4-d8266d1118b8,b30d5382-a016-4da6-8629-aea5d44a9403,7c4e1a90-6b2d-4f58-9c31-0e8a5d6f4b21
4516bf58-d15c-4566-920c-d012e3744abc,0887dcb4-0656-456f-880f-7dcf98b5e424,c95f5a1b-4aec-4647-9328-895a58193ec4
8a25fef9-e3f4-452a-bea2-4fef0c01df90,431006f6-45dc-47e0-b23e-fdf0ecd6add9,c95f5a1b-4aec-4647-9328-895a58193ec4
c82cd1c0-bf7c-418a-876b-af9bc3d12997,431006f6-45dc-47e0-b23e-fdf0ecd6add9,5a72f81e-a2c5-4f4a-bd55-6376c3c9ed73
60328128-0d16-480e-ab37-d8ac5da5dbdb,431006f6-45dc-47e0-b23e-fdf0ecd6add9,7c4e1a90-6b2d-4f58-9c31-0e8a5d6f4b21
6ca4b3d1-ca26-48e8-987e-5c9db8c2ebf2,db0ff622-d86d-43ef-a08d-5a6c0da2ed9a,c95f5a1b-4aec-4647-9328-895a58193ec4
e7745220-37e9-4b57-a0f7-c029701e39cb,db0ff622-d86d-43ef-a08d-5a6c0da2ed9a,5a72f81e-a2c5-4f4a-bd55-6376c3c9ed73
ecc31193-5627-4124-afbf-6cc4f24629c1,db0ff622-d86d-43ef-a08d-5a6c0da2ed9a,7c4e1a90-6b2d-4f58-9c31-0e8a5d6f4b21
0d695f88-d99c-4b15-b5e8-bffacb905e91,e19a1712-975f-4841-89b7-015e85362232,c95f5a1b-4aec-4647-9328-895a58193ec4
69e1b677-08c3-4165-923f-f6d56f0bf259,e19a1712-975f-4841-89b7-015e85362232,61eb9b97-1fca-4beb-beb8-dc4b379cfa3a
7e60f61c-52dc-42bc-a8f9-843c882e87e4,e19a1712-975f-4841-89b7-015e85362232,5a72f81e-a2c5-4f4a-bd55-6376c3c9ed73
bb047aff-d620-408b-96ac-0b297265a0db,e19a1712-975f-4841-89b7-015e85362232,7c4e1a90-6b2d-4f58-9c31-0e8a5d6f4b21
8fee6c51-a240-460b-85c3-be766efa0604,7e903bef-059a-4f88-9aa1-47d42e3e184f,735bb267-fec0-489f-8249-d3d65b3857ea
1e873859-e191-4956-88e1-d23ce54d675c,7e903bef-059a-4f88-9aa1-47d42e3e184f,22067509-af24-48f8-a7e9-416a0b6a439b
5485d6a5-4238-4505-a0ac-0ffee776a0a4,7e903bef-059a-4f88-9aa1-47d42e3e184f,937aab61-b505-4e1c-a5a3-cd63e29c6db9
d7ec02fc-0c69-40bc-a014-a844d0a37320,a8456a8b-724d-4a65-b78b-fc5a778f55fb,c95f5a1b-4aec-4647-9328-895a58193ec4
3b5d8d2b-6890-412a-8a34-4018d32a021c,b3a6e0e1-8802-4eeb-9188-52317b5b298d,b054de41-7da1-4b96-a2aa-d8387bfb0ef0
ce97c72a-4a76-40c0-b44b-19a43e8c5a77,431006f6-45dc-47e0-b23e-fdf0ecd6add9,b054de41-7da1-4b96-a2aa-d8387bfb0ef0
17789673-573f-447b-8745-f4c2e5822a51,db0ff622-d86d-43ef-a08d-5a6c0da2ed9a,b054de41-7da1-4b96-a2aa-d8387bfb0ef0
c65adacd-dab3-4f63-ac78-724f61320cf5,e19a1712-975f-4841-89b7-015e85362232,b054de41-7da1-4b96-a2aa-d8387bfb0ef0
77b0d009-5160-4da6-a892-841796f9e80b,f1a0a001-1111-4111-8111-00000000000a,b054de41-7da1-4b96-a2aa-d8387bfb0ef0
3d924810-783a-40e5-be45-b1a425133b82,fd2c2632-5478-4f8f-9892-1262805e7fec,b054de41-7da1-4b96-a2aa-d8387bfb0ef0
44a853b3-1173-46d6-bb8d-882dcf3c0bb3,b30d5382-a016-4da6-8629-aea5d44a9403,b054de41-7da1-4b96-a2aa-d8387bfb0ef0
826e44f1-47a0-493a-8feb-9f5795b06fa5,0887dcb4-0656-456f-880f-7dcf98b5e424,b054de41-7da1-4b96-a2aa-d8387bfb0ef0
ef7aa4ec-094a-4a79-981b-276317c00cf6,c24462eb-6ded-4c84-87b7-f065c894825a,b054de41-7da1-4b96-a2aa-d8387bfb0ef0
4fa4daaf-9c9b-47b1-9c7a-7c3505533981,32329444-6717-47a4-b79f-62196f892306,b054de41-7da1-4b96-a2aa-d8387bfb0ef0
c937dd5b-5e31-4f60-8314-b0805de34bcb,965f5910-a986-4d51-81e7-fd3be275a6fb,b054de41-7da1-4b96-a2aa-d8387bfb0ef0
27c43a85-6460-42c4-836a-b8261fd3696a,eb2eb079-9741-47e4-abca-3529bf98f9e5,b054de41-7da1-4b96-a2aa-d8387bfb0ef0
55fc417c-c7cc-473e-8e21-3d7385d669a9,ed85b1d3-1f52-45f9-9ffe-7b7f816225f2,b054de41-7da1-4b96-a2aa-d8387bfb0ef0
b808d229-15d7-4bcd-bda3-6a5eb43d8f4a,5528ed52-b277-4697-951a-b2836e13da2f,b054de41-7da1-4b96-a2aa-d8387bfb0ef0
f8bab045-3266-4c4b-aaf0-b0502dfa90d2,1d609756-8ae5-4377-8ade-105346be159e,b054de41-7da1-4b96-a2aa-d8387bfb0ef0
ffd7016c-235d-4a25-84c1-8643c71325c0,641c0389-3498-4bf8-ba77-34cf0343efb5,b054de41-7da1-4b96-a2aa-d8387bfb0ef0
f9709dec-b984-41b7-8707-d0bca0441acb,f8674644-1206-4e40-89ad-9d54e4f41cee,b054de41-7da1-4b96-a2aa-d8387bfb0ef0
f893a9f9-aa76-42b7-a5ef-3a12eab7bf2b,bed0c8f7-c866-41c2-90b4-14747dc203eb,b054de41-7da1-4b96-a2aa-d8387bfb0ef0
dd37f6b8-15c5-4dd2-bb5b-547659229257,cfce8c86-e449-4807-96a8-727e88a26da8,b054de41-7da1-4b96-a2aa-d8387bfb0ef0
c4cff7d9-bac5-428a-931b-254c30f72840,9e5c306e-b6ca-483e-a734-c09fc3a69746,b054de41-7da1-4b96-a2aa-d8387bfb0ef0
b118df1f-e7d7-4603-95bb-162f475a1d83,29b71335-5d9c-48bd-a310-e0b8436ebde8,b054de41-7da1-4b96-a2aa-d8387bfb0ef0
1df5d4eb-3516-4cea-a875-314bd74cf17c,a3848a18-b1c1-4bfc-8ea2-ba025e7b3dad,b054de41-7da1-4b96-a2aa-d8387bfb0ef0
c9ff94ed-e1e6-47e1-8f28-5188085b7f47,0556a3a8-7f84-4306-98e2-c930353f0fca,b054de41-7da1-4b96-a2aa-d8387bfb0ef0
492f1cd6-f97d-4b59-8dcb-114941ff2328,ada98de0-cee3-4f5f-9919-1399b3dc5f90,b054de41-7da1-4b96-a2aa-d8387bfb0ef0
19a5067d-66b2-46f8-9e85-5a1c92db3156,91f7cb0b-d4f8-461d-ac6a-718a440766a0,b054de41-7da1-4b96-a2aa-d8387bfb0ef0
6894acdb-0c63-4afc-b4bf-4545aa3482b5,137687ef-3def-464c-8f54-7acb6bcde13c,b054de41-7da1-4b96-a2aa-d8387bfb0ef0
eb1d655b-9351-4779-a32b-cbc232f1d7c7,0d366815-0164-491f-832b-23cb88cff769,b054de41-7da1-4b96-a2aa-d8387bfb0ef0
9a71a024-9496-451e-b049-7ece3e396dfe,a56fbfe7-d795-4387-bd99-dfd017d8b80c,b054de41-7da1-4b96-a2aa-d8387bfb0ef0
338965bb-8c7f-4210-bbfa-7e722843e167,bc8e8c27-1c9c-4018-b03e-178863095151,b054de41-7da1-4b96-a2aa-d8387bfb0ef0
96cce730-1062-46bd-93c5-fa6a480a2e31,d53cc945-76fd-42cc-b3fa-6aa3ff12a465,b054de41-7da1-4b96-a2aa-d8387bfb0ef0
5169b96e-3bab-4ca4-a5b8-2626e5bcdf8e,9c38da15-0173-43ba-9bd0-114e9d554184,b054de41-7da1-4b96-a2aa-d8387bfb0ef0
7c7ea00b-9a52-45b6-8c4b-65f95c61a884,2705df49-177e-4db3-b1c1-a0aedfd2d345,b054de41-7da1-4b96-a2aa-d8387bfb0ef0
1942699d-4f49-4466-bfdc-9fc1b9e4129c,226b4949-33ff-4489-8607-fe82487def5c,b054de41-7da1-4b96-a2aa-d8387bfb0ef0
de7ab81b-df49-44e5-b69d-2dff56798c0f,05c047a8-86b1-4a91-959a-9d5d5ad04ffa,b054de41-7da1-4b96-a2aa-d8387bfb0ef0
30ab2e9f-7080-42e7-80c8-ec5e988da114,1b36b5a1-8631-454a-954b-7dbeb240aee3,b054de41-7da1-4b96-a2aa-d8387bfb0ef0
c7db2586-9006-4b92-a8b9-0b10657327f6,002e367a-09b1-42ee-b9ac-1d20259af0a5,b054de41-7da1-4b96-a2aa-d8387bfb0ef0
c2ee2291-e8db-421d-b1a3-60876f68fb12,5810bffb-1908-4136-8861-709464af0ad3,b054de41-7da1-4b96-a2aa-d8387bfb0ef0
3a586299-d4ed-43e8-af4f-d0b396d1e581,e48122a3-fe61-42c0-b364-989eb97eba56,b054de41-7da1-4b96-a2aa-d8387bfb0ef0
34c8b695-822b-4029-8a48-f0541d66c167,a469356e-ca8f-4634-b009-57f4fdda6155,b054de41-7da1-4b96-a2aa-d8387bfb0ef0
340fcb7b-fb95-4234-a044-c033226fb395,1bff1631-7389-46c8-9273-c1549c29c0dc,b054de41-7da1-4b96-a2aa-d8387bfb0ef0
62edd530-fe72-45be-b26d-ee711d1d05e7,e7d0dcef-dbbf-4580-95b2-09f2e20e59f1,b054de41-7da1-4b96-a2aa-d8387bfb0ef0
6a82360d-0120-4d36-872c-a525c36ff60c,36f2f5d7-63d3-4ac6-a2ab-e0361d3f28c7,b054de41-7da1-4b96-a2aa-d8387bfb0ef0
fc636f81-7ae9-4375-98b1-c0ae5a7a2c57,ee073d3d-2170-4729-9787-271c4598afca,b054de41-7da1-4b96-a2aa-d8387bfb0ef0
466e3239-d415-4fcc-bf7f-7ee032a7f15a,0c2a3bce-f2b3-49c4-a81b-5f1fdf0da3d8,b054de41-7da1-4b96-a2aa-d8387bfb0ef0
afdbc0e6-74ea-47d8-8c86-2d604233fe8d,6ce60829-25c3-4380-bfc5-74536f6d279e,b054de41-7da1-4b96-a2aa-d8387bfb0ef0
d592eaee-7d5f-41e4-b0c3-7e77f79cfa1e,02249a41-d0dd-4bfd-8148-961c3c95dc20,b054de41-7da1-4b96-a2aa-d8387bfb0ef0
ad7eaae9-d865-46ec-9eb2-236c748f7f2f,bc41650e-de63-471e-b221-514132488cde,b054de41-7da1-4b96-a2aa-d8387bfb0ef0
55261eac-6487-453c-a3e8-7206aefc9e13,5bee9399-0f7f-4881-b362-6ca94ab3c9e4,b054de41-7da1-4b96-a2aa-d8387bfb0ef0
f6eeea59-dfa3-481f-97d6-f8e4d6fd983a,d87ced3e-2367-4f72-ab83-bef289cd852c,b054de41-7da1-4b96-a2aa-d8387bfb0ef0
10674681-514d-4211-b257-cc393cd7f402,47499f38-8c6a-429b-90b8-b8d9a861fdb0,b054de41-7da1-4b96-a2aa-d8387bfb0ef0
530c202f-cc65-49f9-83eb-019e6748849e,d9e07977-af30-49eb-8a66-4c74321f627a,b054de41-7da1-4b96-a2aa-d8387bfb0ef0
de317817-f51a-45b6-ba94-e72dbcd995da,cbcac2ed-bdd7-4682-bc5f-95f554a404ff,b054de41-7da1-4b96-a2aa-d8387bfb0ef0
c02aea33-b4e2-4be2-975e-89687945f6af,076ab60e-d98d-4b9f-844c-de200a4f0fa9,b054de41-7da1-4b96-a2aa-d8387bfb0ef0
620eca87-a318-435f-a6a8-d45b40269729,6725eacb-0224-4b65-83be-bee84df22dee,b054de41-7da1-4b96-a2aa-d8387bfb0ef0
6f2339e2-4886-4d58-ac00-7c0a2747c76e,214495db-3912-40c6-88a7-afe139860d57,b054de41-7da1-4b96-a2aa-d8387bfb0ef0
717423f5-f73a-4034-8c4b-1dc35672fddb,3b3ee292-bf9e-4c69-baa1-e8eddfda7adb,b054de41-7da1-4b96-a2aa-d8387bfb0ef0
bdf7e679-4467-4f5a-af4f-7da840dbad04,0a8a8c68-8e96-477d-8170-cb22b54b6cfe,b054de41-7da1-4b96-a2aa-d8387bfb0ef0
a80bb3ca-d919-42f3-bef7-58d978d6a3d9,45609b42-235f-46d5-aa96-d8a7ae0ed540,b054de41-7da1-4b96-a2aa-d8387bfb0ef0
e10835aa-40a6-402b-aef9-3592ee9a3d79,bda24a5b-8497-49cd-950e-4508cb5dbdae,b054de41-7da1-4b96-a2aa-d8387bfb0ef0
a0fa12b4-3645-4b53-b8ad-63f4e555471d,608f3ffc-fbb7-4b0f-9ede-821accea0686,b054de41-7da1-4b96-a2aa-d8387bfb0ef0
178eb4c7-552a-4ee0-9904-e8b50b383419,9cafde64-936d-4c25-9ea9-3d3da3177d3d,b054de41-7da1-4b96-a2aa-d8387bfb0ef0
d3c8e9a9-83d5-420d-9a1a-38417ad1b7e0,fea52d7d-801e-4678-b0f0-4356c47342e8,b054de41-7da1-4b96-a2aa-d8387bfb0ef0
ff607de8-5547-4b10-a9be-55bd21e7c5b1,c8bf66e3-8cda-4fbe-ac16-7e263ed28372,b054de41-7da1-4b96-a2aa-d8387bfb0ef0
e69e370d-7f55-4dfb-bd21-7f08c260a427,e144e094-973c-4f9d-8926-e2f4c37d6862,b054de41-7da1-4b96-a2aa-d8387bfb0ef0
ce538c15-b0f3-4838-9507-7411959e4b74,48525a9c-66c0-4e2e-8c89-3a016af625ef,b054de41-7da1-4b96-a2aa-d8387bfb0ef0
338e4192-f706-46f6-8605-78fdeea25bfe,2a19c15e-d956-4979-9fee-fa7b0b3c6892,b054de41-7da1-4b96-a2aa-d8387bfb0ef0
5a072db3-5ab2-43f4-b086-9b6d41c06df5,8112fc57-890a-4a39-8095-ddf73fccc25f,b054de41-7da1-4b96-a2aa-d8387bfb0ef0
29a41072-33df-4ad1-b152-84eee49724c9,d26c8c81-c7cc-479c-b779-97cdbcff8a0e,b054de41-7da1-4b96-a2aa-d8387bfb0ef0
e742d327-43db-4f34-b4dc-f664db371080,e58a0a14-01f2-44db-92a3-a39f6c2b7e68,b054de41-7da1-4b96-a2aa-d8387bfb0ef0
79148364-66e7-4607-8753-5796d4daddaa,b0d35246-b888-4abc-b6df-3fc511c358de,b054de41-7da1-4b96-a2aa-d8387bfb0ef0
4fda7bdc-41b2-4d6c-a2a0-16a2cde15827,153f38f0-6ede-4c4e-8c4a-d6658d989dc5,b054de41-7da1-4b96-a2aa-d8387bfb0ef0
0080bd96-914b-495e-9fcc-2b598c54c66b,13b71ed6-a8c4-4032-b51e-216bfb4de1a2,b054de41-7da1-4b96-a2aa-d8387bfb0ef0
23b1da51-a604-4e05-b33d-e7731ecbe833,c0940317-7adb-47be-baed-d24bfb7aa974,b054de41-7da1-4b96-a2aa-d8387bfb0ef0
75531258-33d6-405f-b075-e1271409cee1,7c55a021-9970-4d3a-b935-578b793a0d8c,b054de41-7da1-4b96-a2aa-d8387bfb0ef0
b4bc08e5-40b3-465e-9cb6-78600564da1c,2615c972-0b16-47c4-b643-88ad7320361f,b054de41-7da1-4b96-a2aa-d8387bfb0ef0
9b0d78c6-ab77-428e-8ada-a818bedfc29a,c9e84b7d-268a-4701-9847-34f2aeba5737,b054de41-7da1-4b96-a2aa-d8387bfb0ef0
50965ce8-f407-44ef-883d-43e1e7bfca6c,37d1a035-3a93-4752-93bf-402639132fa9,b054de41-7da1-4b96-a2aa-d8387bfb0ef0
7a003b83-0065-4ce6-92d4-734197fb96ce,ac256e7f-3653-4515-8ddc-8e9f30ea99fd,b054de41-7da1-4b96-a2aa-d8387bfb0ef0
9e3947cf-b73d-4b79-af0d-36dd775e1558,bbdbf3e8-abd9-479a-bd53-d04c3aca7caa,b054de41-7da1-4b96-a2aa-d8387bfb0ef0
7f4db669-dbad-48f6-9c56-5a4c6b10fd54,347878c8-ca41-4647-b57c-87102a6b98a9,b054de41-7da1-4b96-a2aa-d8387bfb0ef0
5740c320-877b-4549-b6af-22aca044d6af,fe0af80d-45d1-460d-b9e9-57568799cbe9,b054de41-7da1-4b96-a2aa-d8387bfb0ef0
b1f92e8f-3a34-44e0-baa1-8091d1250aad,be75f3d6-80f9-42c7-9a20-2da8d10dde5a,b054de41-7da1-4b96-a2aa-d8387bfb0ef0
05526a86-7674-433e-b0e3-f5e932e27be3,913c9d34-41bb-41ec-aff2-622788303a10,b054de41-7da1-4b96-a2aa-d8387bfb0ef0
15f5ed1b-6ce6-41de-9dd0-8b2a21300407,5c836a70-7711-4519-a7a7-fe019aebc860,b054de41-7da1-4b96-a2aa-d8387bfb0ef0
8cb07e6c-9b3e-4505-94d3-3bd3a237cff1,4315a7e4-07b5-4f94-a22e-8db36b343cb6,b054de41-7da1-4b96-a2aa-d8387bfb0ef0
5254a333-e46d-4634-aa80-f6957df5df24,32b7427f-9191-4025-b095-90c5c6660944,b054de41-7da1-4b96-a2aa-d8387bfb0ef0
3827e710-7e32-4dd2-b0dc-15e11a42a9f4,76d68d32-d1d0-4876-9ece-b94f6d9eccfd,b054de41-7da1-4b96-a2aa-d8387bfb0ef0
fc97e7aa-548c-4bad-8cef-cffee9b9de1d,e03b6775-fdd7-466a-a2b4-dee720efd8de,b054de41-7da1-4b96-a2aa-d8387bfb0ef0
8ef98fb4-e285-46d8-b094-8d495d98478d,1e09e6ac-cd4a-497a-91ab-31c7c1c92868,b054de41-7da1-4b96-a2aa-d8387bfb0ef0
162a476c-5d17-4cfc-8b37-08c2d3d44f8c,c76704b8-60fa-4641-ad83-d4bc0ab6557e,b054de41-7da1-4b96-a2aa-d8387bfb0ef0
21574d73-3d07-486e-9d68-3d0db8822679,e0819475-5ecf-423b-a53f-de8bbcfd2b21,b054de41-7da1-4b96-a2aa-d8387bfb0ef0
5f9b2ff4-6ac6-47b7-948c-08e252d95b86,b11369d5-6392-4790-8bbe-a26e093e6822,b054de41-7da1-4b96-a2aa-d8387bfb0ef0
9da41fc8-133a-4c5d-ac63-f21dacafa871,04571954-5e6d-48ee-a1cc-897f0d6042e6,b054de41-7da1-4b96-a2aa-d8387bfb0ef0
cf971153-73ee-49fa-9294-94a376833976,c74d101b-a084-4e4d-956d-958a1c89c7be,c95f5a1b-4aec-4647-9328-895a58193ec4
4f33caad-963c-408d-89d7-1ade4fb15021,c74d101b-a084-4e4d-956d-958a1c89c7be,735bb267-fec0-489f-8249-d3d65b3857ea
075e062e-ac00-4e61-8ea2-dc0ec533b8fe,c74d101b-a084-4e4d-956d-958a1c89c7be,22067509-af24-48f8-a7e9-416a0b6a439b
b0643237-b002-4f28-bbcd-2838a635e11a,ee0e3c83-1455-432b-b66e-88ac71b5f5d8,c95f5a1b-4aec-4647-9328-895a58193ec4
1f654bd0-d98c-4ea9-a446-163bc3ee7b62,ee0e3c83-1455-432b-b66e-88ac71b5f5d8,735bb267-fec0-489f-8249-d3d65b3857ea
e1eb0a1a-bc3d-4356-82c5-fff6653a15c6,a125a489-36c2-42a8-8aa9-4845c94a5ed9,c95f5a1b-4aec-4647-9328-895a58193ec4
8aa09273-0dd9-42dc-8b2b-94d8443ea474,11f61a13-9f8e-4ede-8b24-e01e468dbdff,c95f5a1b-4aec-4647-9328-895a58193ec4
c7d4bdf5-6501-413a-88e3-bb204c4d6808,bcb53f6e-f02e-4671-8a9b-478e11b0d56d,c95f5a1b-4aec-4647-9328-895a58193ec4
68443b5d-8571-4a0b-8e4d-aed17bf00a29,8d9eb2e5-000d-46e1-8632-33b5cf6496d4,c95f5a1b-4aec-4647-9328-895a58193ec4
8d3554cd-d63e-4e1e-8b62-d1284200304a,009d9cc9-2347-4319-8ee7-4afad3e42d8f,c95f5a1b-4aec-4647-9328-895a58193ec4
d7376484-e9cc-43e6-83d8-455cfc65ecff,41e4915e-ee38-4bfc-826b-bcab5034e698,c95f5a1b-4aec-4647-9328-895a58193ec4
735fd024-4133-44cc-89fc-c73ce87cfb2d,c35025f8-a23f-4d8a-8ccc-e90d61face45,c95f5a1b-4aec-4647-9328-895a58193ec4
acccca53-e690-4183-8a92-2fc2ae4f1857,8483e4df-8c0f-48a7-8e4b-498c8515ea6c,c95f5a1b-4aec-4647-9328-895a58193ec4
06dfb7de-6e53-45f5-8a69-fd656ed9ee52,f942d060-0cac-4e35-82bd-0a87a650c154,c95f5a1b-4aec-4647-9328-895a58193ec4
ff30aa5c-8266-4b6d-8959-941474dc7825,7419298d-29f1-497a-8f49-21e4ca37bb26,c95f5a1b-4aec-4647-9328-895a58193ec4
99517494-1443-4359-8c61-072470a75123,6999d9f3-4272-4d72-8a4f-6314200f9faf,c95f5a1b-4aec-4647-9328-895a58193ec4
95ab7dce-4e35-422d-8d92-3a08956aba77,6ec73686-2b8d-49f3-8688-a99b378ca3ee,c95f5a1b-4aec-4647-9328-895a58193ec4
74f4bc03-e201-4f34-80a8-7b1dd2ffe6bb,d55bdfd8-20fc-427b-84c1-6d8f0d12e02e,c95f5a1b-4aec-4647-9328-895a58193ec4
36bfe7c3-a7be-4d83-807c-19dfce6fcc11,eec5b0b4-8969-4ec5-81d5-f624c9e2b999,c95f5a1b-4aec-4647-9328-895a58193ec4
6f32fd44-0dbb-4653-86f0-23ca1e69f818,ca349fbe-41fc-4f74-80b2-895f7b48d745,c95f5a1b-4aec-4647-9328-895a58193ec4
09532f4f-1021-4002-8c44-9524172ccdb8,63256403-913f-4dcf-8816-f47289d1e734,c95f5a1b-4aec-4647-9328-895a58193ec4
d5675fe7-678e-4c97-8809-4161083f8304,a125a489-36c2-42a8-8aa9-4845c94a5ed9,b054de41-7da1-4b96-a2aa-d8387bfb0ef0
2b7dcb7a-aea1-429e-87f7-b7eafc75c376,bcb53f6e-f02e-4671-8a9b-478e11b0d56d,b054de41-7da1-4b96-a2aa-d8387bfb0ef0
af7c34ab-d4fd-4703-8c9b-7d770e3a9181,8d9eb2e5-000d-46e1-8632-33b5cf6496d4,b054de41-7da1-4b96-a2aa-d8387bfb0ef0
d9f34196-7435-4389-8be0-9e7584dc9804,009d9cc9-2347-4319-8ee7-4afad3e42d8f,b054de41-7da1-4b96-a2aa-d8387bfb0ef0
915ac3b7-0f13-43ca-843f-400aaf9814a1,41e4915e-ee38-4bfc-826b-bcab5034e698,b054de41-7da1-4b96-a2aa-d8387bfb0ef0
fa9dd55a-efbf-4e1f-89ab-68d882940d40,c35025f8-a23f-4d8a-8ccc-e90d61face45,b054de41-7da1-4b96-a2aa-d8387bfb0ef0
30876e3f-2565-42ef-8ad4-0b5d94e10d49,8483e4df-8c0f-48a7-8e4b-498c8515ea6c,b054de41-7da1-4b96-a2aa-d8387bfb0ef0
ca35a78d-ed64-4791-8d6a-e8602d1f8d23,f942d060-0cac-4e35-82bd-0a87a650c154,b054de41-7da1-4b96-a2aa-d8387bfb0ef0
ce5f2ac6-db24-4a31-84ef-6964b715a356,7419298d-29f1-497a-8f49-21e4ca37bb26,b054de41-7da1-4b96-a2aa-d8387bfb0ef0
1e0ef913-70bf-4ed3-8df7-6240f2f87987,6999d9f3-4272-4d72-8a4f-6314200f9faf,b054de41-7da1-4b96-a2aa-d8387bfb0ef0
015e9b3c-fe11-4384-8261-9b14ce63684a,6ec73686-2b8d-49f3-8688-a99b378ca3ee,b054de41-7da1-4b96-a2aa-d8387bfb0ef0
3096621f-c52d-417b-85d6-640a81b93347,eec5b0b4-8969-4ec5-81d5-f624c9e2b999,b054de41-7da1-4b96-a2aa-d8387bfb0ef0
322274f8-b696-48ab-86e0-7d0450faad04,ca349fbe-41fc-4f74-80b2-895f7b48d745,b054de41-7da1-4b96-a2aa-d8387bfb0ef0
0f65de49-a04d-4bcd-8480-c698b59bdb58,63256403-913f-4dcf-8816-f47289d1e734,b054de41-7da1-4b96-a2aa-d8387bfb0ef0
1da2a811-4112-4c6a-8bcd-898b7d1f2d87,a125a489-36c2-42a8-8aa9-4845c94a5ed9,7c4e1a90-6b2d-4f58-9c31-0e8a5d6f4b21
9f4da448-c1ce-4751-82d0-ac27dc386178,8d9eb2e5-000d-46e1-8632-33b5cf6496d4,7c4e1a90-6b2d-4f58-9c31-0e8a5d6f4b21
a08d937d-5220-44b0-8b4b-8e5a2e077f40,009d9cc9-2347-4319-8ee7-4afad3e42d8f,7c4e1a90-6b2d-4f58-9c31-0e8a5d6f4b21
0fe321fb-6657-407d-8559-1c0857e3d4e6,c35025f8-a23f-4d8a-8ccc-e90d61face45,7c4e1a90-6b2d-4f58-9c31-0e8a5d6f4b21
7d547487-5856-4616-8856-70d38c85d869,f942d060-0cac-4e35-82bd-0a87a650c154,7c4e1a90-6b2d-4f58-9c31-0e8a5d6f4b21
b8c8459f-ca3d-423f-8b58-c5b6731d3f3c,7419298d-29f1-497a-8f49-21e4ca37bb26,7c4e1a90-6b2d-4f58-9c31-0e8a5d6f4b21
ca7619b1-c266-448b-81e9-883c5220a380,6999d9f3-4272-4d72-8a4f-6314200f9faf,7c4e1a90-6b2d-4f58-9c31-0e8a5d6f4b21
fda54a43-e883-44a8-8ee7-c3345584a287,6ec73686-2b8d-49f3-8688-a99b378ca3ee,7c4e1a90-6b2d-4f58-9c31-0e8a5d6f4b21
985a1a27-d431-4538-8d1a-249a041ad668,bcb53f6e-f02e-4671-8a9b-478e11b0d56d,7c4e1a90-6b2d-4f58-9c31-0e8a5d6f4b21
aa88a4cb-ce4b-4d74-8a5e-0221457319d8,eec5b0b4-8969-4ec5-81d5-f624c9e2b999,7c4e1a90-6b2d-4f58-9c31-0e8a5d6f4b21
25e98c9f-e810-48b6-8d1d-35596881b8ca,a125a489-36c2-42a8-8aa9-4845c94a5ed9,5a72f81e-a2c5-4f4a-bd55-6376c3c9ed73
d9414c39-3308-47c9-8d84-03ef87ec4fa6,8d9eb2e5-000d-46e1-8632-33b5cf6496d4,5a72f81e-a2c5-4f4a-bd55-6376c3c9ed73
545e422b-af9a-4fd0-885f-71d5fd278af1,c35025f8-a23f-4d8a-8ccc-e90d61face45,5a72f81e-a2c5-4f4a-bd55-6376c3c9ed73
41f4c035-ea41-4caf-886a-12339fd7140b,f942d060-0cac-4e35-82bd-0a87a650c154,5a72f81e-a2c5-4f4a-bd55-6376c3c9ed73
c4df3eed-1977-4ebf-8695-e2200c44b9eb,7419298d-29f1-497a-8f49-21e4ca37bb26,5a72f81e-a2c5-4f4a-bd55-6376c3c9ed73
d95c3fc8-4d3e-4677-8e5c-b9e5a9e16e4e,6ec73686-2b8d-49f3-8688-a99b378ca3ee,5a72f81e-a2c5-4f4a-bd55-6376c3c9ed73
b08a2210-f23f-4ed8-8575-06a9957e7819,eec5b0b4-8969-4ec5-81d5-f624c9e2b999,5a72f81e-a2c5-4f4a-bd55-6376c3c9ed73
fe4ca88f-b2f6-4f7c-8458-0d094283d67f,ca349fbe-41fc-4f74-80b2-895f7b48d745,5a72f81e-a2c5-4f4a-bd55-6376c3c9ed73
97d61dec-2ea7-4642-8c44-593a1ee18193,c769e1b0-8d76-48a3-800c-6f5a012f8d76,c95f5a1b-4aec-4647-9328-895a58193ec4
b2f851eb-fe5a-46c2-87a6-8d83f549d3e8,448827f3-d83b-45fb-89d7-bb915f3f8f9f,c95f5a1b-4aec-4647-9328-895a58193ec4
84274727-0a20-494d-8fa2-c9f41a1076eb,983cf832-8714-414c-834b-c65e2a6ed84b,c95f5a1b-4aec-4647-9328-895a58193ec4
01e6df75-1dea-404c-8a6c-ef3562567dcf,16e86c05-8bbd-4971-8f30-eb2074d0ca19,c95f5a1b-4aec-4647-9328-895a58193ec4
0f03a9fd-cec2-46ba-81e3-25376be298a8,983cf832-8714-414c-834b-c65e2a6ed84b,b054de41-7da1-4b96-a2aa-d8387bfb0ef0
b8d6490f-4e40-485a-8dd5-26424681e4a9,448827f3-d83b-45fb-89d7-bb915f3f8f9f,b054de41-7da1-4b96-a2aa-d8387bfb0ef0
19fec05c-cf40-4d32-8b89-7c05ffd6983a,983cf832-8714-414c-834b-c65e2a6ed84b,7c4e1a90-6b2d-4f58-9c31-0e8a5d6f4b21
7751caca-2376-40df-819e-682befb46383,448827f3-d83b-45fb-89d7-bb915f3f8f9f,7c4e1a90-6b2d-4f58-9c31-0e8a5d6f4b21
c77f795d-0fbf-4b5e-8c2a-91ea23de4e51,448827f3-d83b-45fb-89d7-bb915f3f8f9f,5a72f81e-a2c5-4f4a-bd55-6376c3c9ed73
13be82e9-d314-41fd-8d43-ca5f9a29206f,a125a489-36c2-42a8-8aa9-4845c94a5ed9,3f9d6c2e-5b1a-4e8f-9c7d-2a6b8e4f1c03
19621a6d-aac3-465b-8eb4-8fd444ae8000,7419298d-29f1-497a-8f49-21e4ca37bb26,3f9d6c2e-5b1a-4e8f-9c7d-2a6b8e4f1c03
566c0c3e-b34e-4a29-8519-8e93e92321c2,c35025f8-a23f-4d8a-8ccc-e90d61face45,3f9d6c2e-5b1a-4e8f-9c7d-2a6b8e4f1c03
75863ee4-aeb3-4600-8d57-0bb8ea09966f,8483e4df-8c0f-48a7-8e4b-498c8515ea6c,3f9d6c2e-5b1a-4e8f-9c7d-2a6b8e4f1c03
a0648568-df48-4f46-8191-c4b17c982e29,eec5b0b4-8969-4ec5-81d5-f624c9e2b999,3f9d6c2e-5b1a-4e8f-9c7d-2a6b8e4f1c03
0d88dd64-a986-459d-8684-0bf7f5266c94,16e86c05-8bbd-4971-8f30-eb2074d0ca19,3f9d6c2e-5b1a-4e8f-9c7d-2a6b8e4f1c03
32b210c5-94e0-46cd-8dce-c4783b1d54fb,6ec73686-2b8d-49f3-8688-a99b378ca3ee,3f9d6c2e-5b1a-4e8f-9c7d-2a6b8e4f1c03
f49bd305-2ef1-4e27-8149-fccf6abe6650,448827f3-d83b-45fb-89d7-bb915f3f8f9f,3f9d6c2e-5b1a-4e8f-9c7d-2a6b8e4f1c03
c73baf34-195b-47a8-870b-a31998f6e0a3,32329444-6717-47a4-b79f-62196f892306,3f9d6c2e-5b1a-4e8f-9c7d-2a6b8e4f1c03
2b6d6b95-799f-4e51-865d-542886491bec,965f5910-a986-4d51-81e7-fd3be275a6fb,3f9d6c2e-5b1a-4e8f-9c7d-2a6b8e4f1c03
5d9178ff-969a-4201-8845-ce56c36e32ad,eb2eb079-9741-47e4-abca-3529bf98f9e5,3f9d6c2e-5b1a-4e8f-9c7d-2a6b8e4f1c03
09c982d3-555a-4522-89c6-b5f5154afcd0,ed85b1d3-1f52-45f9-9ffe-7b7f816225f2,3f9d6c2e-5b1a-4e8f-9c7d-2a6b8e4f1c03
f89b84b3-e239-46d4-825a-4328e758addf,5528ed52-b277-4697-951a-b2836e13da2f,3f9d6c2e-5b1a-4e8f-9c7d-2a6b8e4f1c03
e755a84c-799b-4f57-83bf-e5fdc5e9b2fc,1d609756-8ae5-4377-8ade-105346be159e,3f9d6c2e-5b1a-4e8f-9c7d-2a6b8e4f1c03
4ee297ef-79a8-4b10-8569-73a6d552d7ee,641c0389-3498-4bf8-ba77-34cf0343efb5,3f9d6c2e-5b1a-4e8f-9c7d-2a6b8e4f1c03
d5cd57c1-29a9-4a30-8390-fd8f801b1647,f8674644-1206-4e40-89ad-9d54e4f41cee,3f9d6c2e-5b1a-4e8f-9c7d-2a6b8e4f1c03
27b46018-a2f1-4be6-86e2-e7e88b488372,bed0c8f7-c866-41c2-90b4-14747dc203eb,3f9d6c2e-5b1a-4e8f-9c7d-2a6b8e4f1c03
570cecf7-9d81-45db-8e29-6b80c0efd6e8,cfce8c86-e449-4807-96a8-727e88a26da8,3f9d6c2e-5b1a-4e8f-9c7d-2a6b8e4f1c03
f5fb9057-a808-4407-8947-a67e79d93f21,9e5c306e-b6ca-483e-a734-c09fc3a69746,3f9d6c2e-5b1a-4e8f-9c7d-2a6b8e4f1c03
f6d7df7c-0380-4c39-859b-1dd813edd19f,29b71335-5d9c-48bd-a310-e0b8436ebde8,3f9d6c2e-5b1a-4e8f-9c7d-2a6b8e4f1c03
8ab43599-d6bf-4e5a-84d6-ed4b20322c1f,a3848a18-b1c1-4bfc-8ea2-ba025e7b3dad,3f9d6c2e-5b1a-4e8f-9c7d-2a6b8e4f1c03
ddafad63-aa22-4115-8771-6845275fa9d1,0556a3a8-7f84-4306-98e2-c930353f0fca,3f9d6c2e-5b1a-4e8f-9c7d-2a6b8e4f1c03
75e80834-e499-4d5c-83ea-116a587d5baa,ada98de0-cee3-4f5f-9919-1399b3dc5f90,3f9d6c2e-5b1a-4e8f-9c7d-2a6b8e4f1c03
5fe64389-cc68-4533-8bb0-a130a65ba48c,91f7cb0b-d4f8-461d-ac6a-718a440766a0,3f9d6c2e-5b1a-4e8f-9c7d-2a6b8e4f1c03
607d336a-fe4a-45bb-8e7b-6b98b71a1b24,137687ef-3def-464c-8f54-7acb6bcde13c,3f9d6c2e-5b1a-4e8f-9c7d-2a6b8e4f1c03
b3571ca4-1444-47ec-8113-26958bb57dd8,0d366815-0164-491f-832b-23cb88cff769,3f9d6c2e-5b1a-4e8f-9c7d-2a6b8e4f1c03
6e76e537-87d7-40f9-8de6-6929cc23f7f0,a56fbfe7-d795-4387-bd99-dfd017d8b80c,3f9d6c2e-5b1a-4e8f-9c7d-2a6b8e4f1c03
3267463b-9a9f-4f7f-8eb9-222914ebbbe4,bc8e8c27-1c9c-4018-b03e-178863095151,3f9d6c2e-5b1a-4e8f-9c7d-2a6b8e4f1c03
1a1a15ed-5ec3-4267-80cc-49307be6c2f0,d53cc945-76fd-42cc-b3fa-6aa3ff12a465,3f9d6c2e-5b1a-4e8f-9c7d-2a6b8e4f1c03
2445bcc9-0ba6-4094-8c58-f372666efa81,9c38da15-0173-43ba-9bd0-114e9d554184,3f9d6c2e-5b1a-4e8f-9c7d-2a6b8e4f1c03
487aaad1-e376-4c83-8ff5-ac4ca7843a26,2705df49-177e-4db3-b1c1-a0aedfd2d345,3f9d6c2e-5b1a-4e8f-9c7d-2a6b8e4f1c03
38014bb9-05eb-452f-8cb2-64a793343b9e,226b4949-33ff-4489-8607-fe82487def5c,3f9d6c2e-5b1a-4e8f-9c7d-2a6b8e4f1c03
ed9b9fbc-f2aa-42f0-8f75-7dff43731243,05c047a8-86b1-4a91-959a-9d5d5ad04ffa,3f9d6c2e-5b1a-4e8f-9c7d-2a6b8e4f1c03
d3482850-8cab-4ca9-84ae-db5c06f4ba99,1b36b5a1-8631-454a-954b-7dbeb240aee3,3f9d6c2e-5b1a-4e8f-9c7d-2a6b8e4f1c03
c11ff27d-148c-49c5-8def-e16f7258de61,002e367a-09b1-42ee-b9ac-1d20259af0a5,3f9d6c2e-5b1a-4e8f-9c7d-2a6b8e4f1c03
8eab69f9-2cad-4187-8d5f-ba36c2c24c91,5810bffb-1908-4136-8861-709464af0ad3,3f9d6c2e-5b1a-4e8f-9c7d-2a6b8e4f1c03
6cc1c7df-37a9-42dc-84b0-66481672ccbd,e48122a3-fe61-42c0-b364-989eb97eba56,3f9d6c2e-5b1a-4e8f-9c7d-2a6b8e4f1c03
1084aa5d-d6f1-4477-8618-0f3d9dd7822e,a469356e-ca8f-4634-b009-57f4fdda6155,3f9d6c2e-5b1a-4e8f-9c7d-2a6b8e4f1c03
5d9e47b8-c585-4d2c-8253-73e19752a450,1bff1631-7389-46c8-9273-c1549c29c0dc,3f9d6c2e-5b1a-4e8f-9c7d-2a6b8e4f1c03
0e09b877-1c00-46bd-81ed-e09c78af5ed3,e7d0dcef-dbbf-4580-95b2-09f2e20e59f1,3f9d6c2e-5b1a-4e8f-9c7d-2a6b8e4f1c03
336938eb-7805-4e64-8377-cd175be66eb0,36f2f5d7-63d3-4ac6-a2ab-e0361d3f28c7,3f9d6c2e-5b1a-4e8f-9c7d-2a6b8e4f1c03
60a355ff-e7b5-4f4d-8e14-d8e310047201,ee073d3d-2170-4729-9787-271c4598afca,3f9d6c2e-5b1a-4e8f-9c7d-2a6b8e4f1c03
fbe38500-b98c-4d5d-87b9-a32f76e1f851,0c2a3bce-f2b3-49c4-a81b-5f1fdf0da3d8,3f9d6c2e-5b1a-4e8f-9c7d-2a6b8e4f1c03
0e22ee48-7291-4982-8e6f-7541d8d9fcf2,6ce60829-25c3-4380-bfc5-74536f6d279e,3f9d6c2e-5b1a-4e8f-9c7d-2a6b8e4f1c03
de9ecfe3-1310-4ebb-8e25-f1e38354ce3e,02249a41-d0dd-4bfd-8148-961c3c95dc20,3f9d6c2e-5b1a-4e8f-9c7d-2a6b8e4f1c03
6332cd4f-3c0d-4d31-87e2-460b5ad3df88,bc41650e-de63-471e-b221-514132488cde,3f9d6c2e-5b1a-4e8f-9c7d-2a6b8e4f1c03
24ebd0c3-c660-4e87-8657-93383644510b,5bee9399-0f7f-4881-b362-6ca94ab3c9e4,3f9d6c2e-5b1a-4e8f-9c7d-2a6b8e4f1c03
2952b243-5093-4ce3-8353-71c6249780ab,d87ced3e-2367-4f72-ab83-bef289cd852c,3f9d6c2e-5b1a-4e8f-9c7d-2a6b8e4f1c03
41d7fd8c-338b-47d4-8f73-5275c9b36e65,47499f38-8c6a-429b-90b8-b8d9a861fdb0,3f9d6c2e-5b1a-4e8f-9c7d-2a6b8e4f1c03
203d1422-45bd-40bf-8057-2d8d672c119e,d9e07977-af30-49eb-8a66-4c74321f627a,3f9d6c2e-5b1a-4e8f-9c7d-2a6b8e4f1c03
dfefad6d-3a7c-4e46-8fcd-1fa46b5a0548,cbcac2ed-bdd7-4682-bc5f-95f554a404ff,3f9d6c2e-5b1a-4e8f-9c7d-2a6b8e4f1c03
94cdfa52-f690-4686-85a9-6756da57e110,076ab60e-d98d-4b9f-844c-de200a4f0fa9,3f9d6c2e-5b1a-4e8f-9c7d-2a6b8e4f1c03
7f55792c-d2f6-4700-87f9-9dab5980668f,6725eacb-0224-4b65-83be-bee84df22dee,3f9d6c2e-5b1a-4e8f-9c7d-2a6b8e4f1c03
51038af4-39dd-4a3f-8816-667116f3ae6d,214495db-3912-40c6-88a7-afe139860d57,3f9d6c2e-5b1a-4e8f-9c7d-2a6b8e4f1c03
f182164a-7b84-4ed2-8708-174390c64c33,3b3ee292-bf9e-4c69-baa1-e8eddfda7adb,3f9d6c2e-5b1a-4e8f-9c7d-2a6b8e4f1c03
568791a3-1ce4-4a4f-83f2-e83311cdc0ae,0a8a8c68-8e96-477d-8170-cb22b54b6cfe,3f9d6c2e-5b1a-4e8f-9c7d-2a6b8e4f1c03
feb68949-94ae-4a63-8d84-e5c7c5ea99ba,45609b42-235f-46d5-aa96-d8a7ae0ed540,3f9d6c2e-5b1a-4e8f-9c7d-2a6b8e4f1c03
807c479e-e745-4873-8b1d-f6c685f468d9,bda24a5b-8497-49cd-950e-4508cb5dbdae,3f9d6c2e-5b1a-4e8f-9c7d-2a6b8e4f1c03
52884fb4-4b06-425c-83a2-05923b736466,608f3ffc-fbb7-4b0f-9ede-821accea0686,3f9d6c2e-5b1a-4e8f-9c7d-2a6b8e4f1c03
50f82f7e-0a4d-47c5-88e9-4944a6f91165,9cafde64-936d-4c25-9ea9-3d3da3177d3d,3f9d6c2e-5b1a-4e8f-9c7d-2a6b8e4f1c03
2076dd08-b4d1-4b93-83bb-81bd1580255e,fea52d7d-801e-4678-b0f0-4356c47342e8,3f9d6c2e-5b1a-4e8f-9c7d-2a6b8e4f1c03
1105264c-1d30-403d-8212-67667fb25c76,c8bf66e3-8cda-4fbe-ac16-7e263ed28372,3f9d6c2e-5b1a-4e8f-9c7d-2a6b8e4f1c03
94860f9d-9c88-4694-8ddf-8c517dd50a13,e144e094-973c-4f9d-8926-e2f4c37d6862,3f9d6c2e-5b1a-4e8f-9c7d-2a6b8e4f1c03
4a77b757-e6b4-4a1b-86bb-ae8e4d66f05b,48525a9c-66c0-4e2e-8c89-3a016af625ef,3f9d6c2e-5b1a-4e8f-9c7d-2a6b8e4f1c03
7e16d29c-46be-4708-8973-85c3b4652690,2a19c15e-d956-4979-9fee-fa7b0b3c6892,3f9d6c2e-5b1a-4e8f-9c7d-2a6b8e4f1c03
ab2115b1-30e9-437f-8022-11e20cc01572,8112fc57-890a-4a39-8095-ddf73fccc25f,3f9d6c2e-5b1a-4e8f-9c7d-2a6b8e4f1c03
b4f02a06-8327-46b7-8e3e-8131ad98f88a,d26c8c81-c7cc-479c-b779-97cdbcff8a0e,3f9d6c2e-5b1a-4e8f-9c7d-2a6b8e4f1c03
3c1d3157-6e5d-4414-8ff2-8adfba494961,e58a0a14-01f2-44db-92a3-a39f6c2b7e68,3f9d6c2e-5b1a-4e8f-9c7d-2a6b8e4f1c03
2caec5e7-2741-4520-89ff-d6c722bc6025,b0d35246-b888-4abc-b6df-3fc511c358de,3f9d6c2e-5b1a-4e8f-9c7d-2a6b8e4f1c03
9d2eaa3c-77db-434d-87b5-a470020aba5c,153f38f0-6ede-4c4e-8c4a-d6658d989dc5,3f9d6c2e-5b1a-4e8f-9c7d-2a6b8e4f1c03
eb499839-f681-4d7d-8d7f-3ab3c82594f1,13b71ed6-a8c4-4032-b51e-216bfb4de1a2,3f9d6c2e-5b1a-4e8f-9c7d-2a6b8e4f1c03
61179538-58cb-4bcd-802d-1a0b1e20e4be,c0940317-7adb-47be-baed-d24bfb7aa974,3f9d6c2e-5b1a-4e8f-9c7d-2a6b8e4f1c03
80aac0d2-aaac-402e-81d7-42d0c8166da5,7c55a021-9970-4d3a-b935-578b793a0d8c,3f9d6c2e-5b1a-4e8f-9c7d-2a6b8e4f1c03
d9e006e9-e941-4f00-82dc-0e057c1e1c4f,2615c972-0b16-47c4-b643-88ad7320361f,3f9d6c2e-5b1a-4e8f-9c7d-2a6b8e4f1c03
b949804f-1c8e-4ab9-89ad-494b9ccaf4d3,c9e84b7d-268a-4701-9847-34f2aeba5737,3f9d6c2e-5b1a-4e8f-9c7d-2a6b8e4f1c03
5a489d4d-f90f-48c2-8d2b-436950435ab2,37d1a035-3a93-4752-93bf-402639132fa9,3f9d6c2e-5b1a-4e8f-9c7d-2a6b8e4f1c03
76945d44-de74-4032-8063-7805a52316a8,ac256e7f-3653-4515-8ddc-8e9f30ea99fd,3f9d6c2e-5b1a-4e8f-9c7d-2a6b8e4f1c03
1dcb0448-a462-44a8-89ae-04149450efe3,bbdbf3e8-abd9-479a-bd53-d04c3aca7caa,3f9d6c2e-5b1a-4e8f-9c7d-2a6b8e4f1c03
eb2aa215-6f9c-4233-8665-8fbe91283c49,347878c8-ca41-4647-b57c-87102a6b98a9,3f9d6c2e-5b1a-4e8f-9c7d-2a6b8e4f1c03
e0899e73-8325-4a23-8f63-fe030d308cd4,fe0af80d-45d1-460d-b9e9-57568799cbe9,3f9d6c2e-5b1a-4e8f-9c7d-2a6b8e4f1c03
1482d8c3-0669-4208-8622-5d42521ad790,be75f3d6-80f9-42c7-9a20-2da8d10dde5a,3f9d6c2e-5b1a-4e8f-9c7d-2a6b8e4f1c03
072ea899-3e67-45b5-8dd2-d0db88f3adb8,913c9d34-41bb-41ec-aff2-622788303a10,3f9d6c2e-5b1a-4e8f-9c7d-2a6b8e4f1c03
a3f518c8-7b78-4741-8660-91aab9e24cd2,5c836a70-7711-4519-a7a7-fe019aebc860,3f9d6c2e-5b1a-4e8f-9c7d-2a6b8e4f1c03
d1107b13-008b-4c00-84b6-d0ec5bd42bc6,4315a7e4-07b5-4f94-a22e-8db36b343cb6,3f9d6c2e-5b1a-4e8f-9c7d-2a6b8e4f1c03
5bede19a-c0e5-4208-8f8c-31bbae7d58b5,32b7427f-9191-4025-b095-90c5c6660944,3f9d6c2e-5b1a-4e8f-9c7d-2a6b8e4f1c03
29526d7d-c54c-4530-8446-a1f680b51fa5,76d68d32-d1d0-4876-9ece-b94f6d9eccfd,3f9d6c2e-5b1a-4e8f-9c7d-2a6b8e4f1c03
5eb25be2-49e1-4c0a-85ab-8c461e47de21,e03b6775-fdd7-466a-a2b4-dee720efd8de,3f9d6c2e-5b1a-4e8f-9c7d-2a6b8e4f1c03
332c2f4b-2294-4c39-85ad-25569975058b,1e09e6ac-cd4a-497a-91ab-31c7c1c92868,3f9d6c2e-5b1a-4e8f-9c7d-2a6b8e4f1c03
e3743a78-7623-4ff8-8e07-79ad2ac0e58a,c76704b8-60fa-4641-ad83-d4bc0ab6557e,3f9d6c2e-5b1a-4e8f-9c7d-2a6b8e4f1c03
08fb813e-c009-4f4e-89b0-198b36d86f4f,e0819475-5ecf-423b-a53f-de8bbcfd2b21,3f9d6c2e-5b1a-4e8f-9c7d-2a6b8e4f1c03
9c0cbd0c-d82c-4bc8-8b38-19d5740c3eaf,b11369d5-6392-4790-8bbe-a26e093e6822,3f9d6c2e-5b1a-4e8f-9c7d-2a6b8e4f1c03
a70170ca-0c39-4fbf-8555-077e0db0591b,04571954-5e6d-48ee-a1cc-897f0d6042e6,3f9d6c2e-5b1a-4e8f-9c7d-2a6b8e4f1c03
21be48e4-2099-4418-8b98-76ac7a119d06,b3a6e0e1-8802-4eeb-9188-52317b5b298d,3f9d6c2e-5b1a-4e8f-9c7d-2a6b8e4f1c03
4a71f7e2-da26-4ce1-8d81-8d95ffa8982f,431006f6-45dc-47e0-b23e-fdf0ecd6add9,3f9d6c2e-5b1a-4e8f-9c7d-2a6b8e4f1c03
b742cdc3-3adb-4778-81b8-b422c1ffc441,db0ff622-d86d-43ef-a08d-5a6c0da2ed9a,3f9d6c2e-5b1a-4e8f-9c7d-2a6b8e4f1c03
507d9bbc-c024-4cc8-8729-b1902d416676,e19a1712-975f-4841-89b7-015e85362232,3f9d6c2e-5b1a-4e8f-9c7d-2a6b8e4f1c03
71d28111-476d-4e7a-8ebc-0fdd4646ea22,8d9eb2e5-000d-46e1-8632-33b5cf6496d4,3f9d6c2e-5b1a-4e8f-9c7d-2a6b8e4f1c03
17175b23-29ac-4c3b-849d-0605e0f3b686,f942d060-0cac-4e35-82bd-0a87a650c154,3f9d6c2e-5b1a-4e8f-9c7d-2a6b8e4f1c03
36d152ac-5ecd-4850-89d4-c02ee22a2c63,ca349fbe-41fc-4f74-80b2-895f7b48d745,3f9d6c2e-5b1a-4e8f-9c7d-2a6b8e4f1c03
16edb2a1-3084-4319-af17-f80f0200fcec,f1a0a001-1111-4111-8111-00000000000a,61eb9b97-1fca-4beb-beb8-dc4b379cfa3a
128d18d8-0ecf-47f1-9a0d-26e7251eacaa,f1a0a001-1111-4111-8111-00000000000e,61eb9b97-1fca-4beb-beb8-dc4b379cfa3a
ef127d51-8037-4b50-84d6-04c6bf349970,61a7c191-c2a4-4372-9b1b-e32845a77d68,61eb9b97-1fca-4beb-beb8-dc4b379cfa3a
f887bd83-2abb-4fd4-97a0-3ee3c061409c,61a7c191-c2a4-4372-9b1b-e32845a77d68,c95f5a1b-4aec-4647-9328-895a58193ec4
d9e1b2a3-57ab-4b68-8f6c-04ef7026919e,61a7c191-c2a4-4372-9b1b-e32845a77d68,22067509-af24-48f8-a7e9-416a0b6a439b
fed8a0ca-9f2e-4efd-a28a-648478ec76db,61a7c191-c2a4-4372-9b1b-e32845a77d68,735bb267-fec0-489f-8249-d3d65b3857ea
9553ede8-3dec-41fe-ae72-ad90f9ba914b,7dc424f6-a36c-40b6-ba74-77ffa76fb77f,c95f5a1b-4aec-4647-9328-895a58193ec4
3c90897a-3fe8-4f9a-8c77-709f1f9c50a2,7dc424f6-a36c-40b6-ba74-77ffa76fb77f,b054de41-7da1-4b96-a2aa-d8387bfb0ef0
c32b59d9-8770-4c9d-8bbe-826e0bf885dd,e5cf73b3-b9bd-4a81-b475-4b62b0415757,b054de41-7da1-4b96-a2aa-d8387bfb0ef0
ba8bafd8-8e8d-4a2f-a4ca-a1690d3eb6f9,e5cf73b3-b9bd-4a81-b475-4b62b0415757,c95f5a1b-4aec-4647-9328-895a58193ec4
