Id,UserRole
735bb267-fec0-489f-8249-d3d65b3857ea,SUPPLIER_ADMINISTRATOR
c95f5a1b-4aec-4647-9328-895a58193ec4,BUYER_ADMINISTRATOR
113d8ead-40c2-425a-bc60-5989e6cdabca,PLATFORM_ADMINISTRATOR
22067509-af24-48f8-a7e9-416a0b6a439b,SUPPLIER_NETWORK_ADMIN
61eb9b97-1fca-4beb-beb8-dc4b379cfa3a,BUYER_NETWORK_ADMIN
937aab61-b505-4e1c-a5a3-cd63e29c6db9,SUPPLIER_USER
5a72f81e-a2c5-4f4a-bd55-6376c3c9ed73,BUYER_USER
7c4e1a90-6b2d-4f58-9c31-0e8a5d6f4b21,OUTLET_MANAGER
b054de41-7da1-4b96-a2aa-d8387bfb0ef0,STORE_MANAGER
3f9d6c2e-5b1a-4e8f-9c7d-2a6b8e4f1c03,COST_CONTROLLER
