Id,Key
1d609756-8ae5-4377-8ade-105346be159e,GET_ONBOARDING
eb2eb079-9741-47e4-abca-3529bf98f9e5,GET_ALL_CLAIMS
b7565f96-39ba-424c-a8b9-60ec13220723,GET_SUPPLIER_PROFILE
0f37479f-cc4b-42cc-804c-e9348ecf3897,CREATE_SUPPLIER_PROFILE
641c0389-3498-4bf8-ba77-34cf0343efb5,GET_MY_BUYER_PROFILE
5528ed52-b277-4697-951a-b2836e13da2f,CREATE_BUYER_PROFILE
6cd35b00-d61d-44a2-b70b-a155a5e83e8e,GET_ALL_BUYER
4471c12d-ceaf-4967-ab48-9ab5dcdceff0,UPDATE_BUYER_STATUS
07c522d6-1d1a-44a8-959f-f877ad6d0dca,GET_SUPPLIER_PROFILE
16991c05-3e12-4ac2-9bf7-cbf9e8e9c36f,UPDATE_SUPPLIER_STATUS
36f2f5d7-63d3-4ac6-a2ab-e0361d3f28c7,LOGOUT
bc3cc6e5-ce18-4511-b44e-455b76b01c77,GET_ALL_SUPPLIER
d47dc419-ddae-41f0-8f73-b0cd699311f6,UPDATE_REJECTED_SUPPLIER
9b246fb2-bf1a-422f-badd-96a329c5f773,UPDATE_ORGANIZATION
b2eff3dd-2aec-41ab-948c-623e97ed342d,UPDATE_REJECTED_BUYER
5810bffb-1908-4136-8861-709464af0ad3,ASSET_DOWNLOAD
9e5c306e-b6ca-483e-a734-c09fc3a69746,GET_SEGMENT
91f7cb0b-d4f8-461d-ac6a-718a440766a0,GET_FAMILY
010ea5bb-5d42-4426-92ab-a537f1d5d2f4,UPLOAD_UNSPSC
de39733e-e8cd-4d74-9ef1-3a96e0c44d71,GET_UNSPSC
a7e617b8-1781-457d-8411-c441d23e7813,GET_CLASS_COMMODITY
4be4f418-d6d3-41cc-821c-cdb9c95d0af3,CREATE_BUYER_DEPARTMENT
dfffb29c-51c5-4483-a213-e33a439dc6b5,CREATE_BUYER_COSTCENTER
29b71335-5d9c-48bd-a310-e0b8436ebde8,GET_ALL_BUYER_DEPARTMENT
ada98de0-cee3-4f5f-9919-1399b3dc5f90,GET_ALL_BUYER_COSTCENTER
377e84f7-a773-413d-9b0d-4f122c2530db,UPDATE_BUYER_DEPARTMENT
8dd7f425-cdbe-4ca9-8996-d1d17098ee0c,DELETE_BUYER_DEPARTMENT
c7fb0c9b-283f-4772-b570-a233776147a4,UPDATE_COSTCENTER_DEPARTMENT
7051a814-493b-44da-9043-d0db9e4bd881,DELETE_BUYER_COSTCENTER
3de893a2-cd8c-4ee1-beef-d542d6e99b15,UPLOAD_BUYER_DEPARTMENT_COSTCENTER
a531277a-2b95-47ef-85e7-176b8892da77,ENABLE_DISABLE_ORGANIZATION
c6126406-0f45-4a5f-be70-971b083925cc,UPDATE_BUYER_STATUS_ORGANIZATION
80659692-8ce6-44a1-91bc-5874883060af,UPDATE_SUPPLIER_STATUS_ORGANIZATION
bed0c8f7-c866-41c2-90b4-14747dc203eb,CREATE_RFQ
ed85b1d3-1f52-45f9-9ffe-7b7f816225f2,GET_BUYER_ID
96c2da1c-a40d-4c20-a1e6-914bcde7ab22,GET_SUPPLIER_ID
bc8e8c27-1c9c-4018-b03e-178863095151,GET_VERIFIED_SUPPLIERS
a56fbfe7-d795-4387-bd99-dfd017d8b80c,GET_SUPPLIER_LIST
0556a3a8-7f84-4306-98e2-c930353f0fca,GET_ITEM_BUYER_MASTER
d87ced3e-2367-4f72-ab83-bef289cd852c,CREATE_ITEM_BUYER_MASTER
47499f38-8c6a-429b-90b8-b8d9a861fdb0,UPLOAD_ITEM_BUYER_MASTER
d9e07977-af30-49eb-8a66-4c74321f627a,UPDATE_ITEM_BUYER_MASTER
cbcac2ed-bdd7-4682-bc5f-95f554a404ff,DELETE_ITEM_BUYER_MASTER
d53cc945-76fd-42cc-b3fa-6aa3ff12a465,CREATE_SUPPLIER_RFQ
99ca900b-4738-4483-8ebe-2c03049eb175,CREATE_SUPPLIER_QUOTATION
fed09d13-e8c0-44a1-89d8-17f16660e5f8,UPDATE_SUPPLIER_QUOTATION
cfce8c86-e449-4807-96a8-727e88a26da8,GET_RFQ_MASTER_DATA
a3848a18-b1c1-4bfc-8ea2-ba025e7b3dad,GET_RFQ_BY_ID
4ce81946-0275-45a5-b8d8-0b0f914645e4,GET_SUPPLIER_CATALOG
53064621-d38e-4579-949e-85d5242beceb,CREATE_SUPPLIER_CATALOG
14fde17f-3492-4a29-9077-312ef31a0fca,UPDATE_SUPPLIER_CATALOG
ed8e20e1-c3db-466e-beec-6c6e813d8687,DELETE_SUPPLIER_CATALOG
ff83ed66-e211-42b0-b368-2cf5bb8a247b,GET_SUPPLIER_RFQ_MASTER_DATA
10c38e9c-a47f-4ffd-b04c-d7bc3ca47f0b,GET_RFQ_ATTACHMENTS
25784d28-3097-4c4b-ba8f-bfb2b1b93678,GET_SUPPLIER_RFQ_BY_ID
9c38da15-0173-43ba-9bd0-114e9d554184,GET_SUPPLIER_QUOTATION_RFQ_BY_ID
688bd092-b138-4e0f-8e59-6dff0a28bed5,CREATE_VERIFICATION_TEMPLATE
8d454a98-42ca-4398-8837-5cc336ba9902,CREATE_VERIFICATION_DEFAULT_TEMPLATE
0a8a8c68-8e96-477d-8170-cb22b54b6cfe,GET_SUPPLIER_BY_ID
f983dbb4-9b5e-41f7-aeaf-697523091b18,GET_DEFAULT_VERIFICATION_TEMPLATE
0c2a3bce-f2b3-49c4-a81b-5f1fdf0da3d8,GET_VERIFICATION_TEMPLATES
6f2dd0cf-ef7d-4e9e-8e5c-85c2be4c8b86,CREATE_VERIFICATION_TEMPLATE_QUESTION
6ce60829-25c3-4380-bfc5-74536f6d279e,GET_VERIFICATION_TEMPLATE_BY_ID
bac9ae03-3954-4f4c-ad94-e293d8c4643f,GET_SUPPLIER_VERIFICATION_REQUESTS
9e841e24-fd15-4de2-bd1e-5e41b21ba25c,GET_SUPPLIER_VERIFICATION_REQUEST_DETAIL
fd3ba7ee-156d-4b48-8b7b-9acf442f52c0,GET_SUPPLIER_VERIFICATION_REQUESTS_BY_SUPPLIER
9b3aa8dc-3fe5-40fc-b4d5-15dfa27f7856,UPDATE_SUPPLIER_VERIFICATION_REQUEST_STATUS
a1b3d1db-3c2b-481d-add9-94ce981f3495,SUBMIT_SUPPLIER_VERIFICATION
7fbad361-dce0-43a1-b28e-52973cc61f28,GET_QUESTIONS_ANSWERS_FOR_SUPPLIER
5386fc21-1f76-46c6-b0d4-dc33065f3c3e,GET_QUESTIONS_ANSWERS
9ed5a226-f7c0-4856-a5eb-806637d35b60,GET_RFQ_QUESTIONS
8653d301-973c-481f-8d2f-52b1fb61c41a,SAVE_SUPPLIER_RFQ_ANSWER
05c047a8-86b1-4a91-959a-9d5d5ad04ffa,GET_SUPPLIER_RFQ_ANSWER
0d366815-0164-491f-832b-23cb88cff769,GET_COUNTRIES
137687ef-3def-464c-8f54-7acb6bcde13c,GET_CURRENCIES
ee073d3d-2170-4729-9787-271c4598afca,GET_UNITS
3d227266-3c6d-46db-9192-49922ccb04a6,CREATE_PERSON
bc41650e-de63-471e-b221-514132488cde,GET_MODEL
bbf159d1-4021-4346-b73a-8b96e96cd7c0,SAVE_ORGANIZATION_MODEL
32329444-6717-47a4-b79f-62196f892306,GET_ORGANIZATION_MODEL
3b3ee292-bf9e-4c69-baa1-e8eddfda7adb,GET_ORGANIZATION_USERS
965f5910-a986-4d51-81e7-fd3be275a6fb,GET_PERSON_DETAIL
f8674644-1206-4e40-89ad-9d54e4f41cee,GET_BUYER_CATALOG
cc305ef6-d9f9-44a4-834f-cc15e265f6e4,UPLOAD_SUPPLIER_CATALOG
421a057b-25d6-4ed9-8f55-1caff6c1cc27,DELETE_PERSON
1b36b5a1-8631-454a-954b-7dbeb240aee3,GET_CLASS
002e367a-09b1-42ee-b9ac-1d20259af0a5,GET_COMMODITY
94abfc3d-91e7-4a59-b191-8b2500761c0f,UPDATE_BUYER_DELIVERY_LOCATION
d489b38c-e404-42f4-9e37-a0fa1db66392,UPDATE_BUYER_BANK_ACCOUNT
934dd1bd-7e88-49b3-89b8-d92ae42a5f2c,DELETE_BUYER_BANK_ACCOUNT
87994125-34b3-4a1a-9b4e-1992363e1a13,CREATE_BUYER_BANK_ACCOUNT
85d12821-597b-48c4-955a-48bae4923117,DELETE_BUYER_DELIVERY_LOCATION
52a5fb43-cdab-463b-bb23-5aa4f73acc02,CREATE_BUYER_DELIVERY_LOCATION
6cfb775d-65bb-42ee-a7e3-33bd3f793966,GET_SUPPLIER_INVITATION
e57c3b61-163c-4983-aa66-e14b1553765a,GET_BUYER_INVITATION
3de2e8ad-81da-4a02-9a27-2687fce0efb1,CREATE_SUPPLIER_BANK_ACCOUNT
870250e0-9235-4baf-83b7-93079b2ae5e6,CREATE_SUPPLIER_DISPATCH_LOCATION
fa12e7b5-de60-4f23-89b8-82ac0d9ed134,UPDATE_VERIFICATION_TEMPLATE_QUESTION
6c0c0db4-56e6-480f-baa3-53676e794034,DELETE_VERIFICATION_TEMPLATE
e48122a3-fe61-42c0-b364-989eb97eba56,UPDATE_PERSON_DETAIL
f42d596f-fd29-44c7-b7d6-9390267d7bcd,UPDATE_SUPPLIER_VERIFICATION_STATUS
a469356e-ca8f-4634-b009-57f4fdda6155,GET_COST_CENTER
6314ae0f-6902-4238-8dcc-453bae9f7286,CREATE_QUOTATION_AUDIT
21a2cecc-890e-433b-9fc3-f2d1347ac95f,VERIFY-OTP
e1493e85-6e1d-4720-8195-5aab8ef0290a,SEND-OTP
02249a41-d0dd-4bfd-8148-961c3c95dc20,GET_BUYER_CATALOG_BY_ID
f63b785b-0be2-49c7-9b84-64689efb88a7,GET_SUPPLIER_CATALOG_BY_ID
eaa4cf9b-5ac5-4080-871b-efb34875e7ed,UPDATE_SUPPLIER_BANK_ACCOUNT
eecdcaa2-277b-4035-8cd3-a4c6fb69c1bd,UPDATE_SUPPLIER_DISPATCH_LOCATION
c1eb288e-9e9c-4673-a4d7-8a85772b9ee0,DELETE_SUPPLIER_BANK_ACCOUNT
a7130ff5-554d-4e08-a334-bb470755126c,DELETE_SUPPLIER_DISPATCH_LOCATION
1bff1631-7389-46c8-9273-c1549c29c0dc,GET_SUPPLIER_QUOTATION_HISTORY_COMPARISON
b85b01ce-ee95-4b45-9466-41ba45ffcfae,GET_SUPPLIER_INVITATION
5bee9399-0f7f-4881-b362-6ca94ab3c9e4,GET_INVITATION_COUNT
9c05179a-b390-4c71-8eca-f441e44e986a,GET_SUPPLIER_QUOTATION_BY_SUPPLIER_ID
076ab60e-d98d-4b9f-844c-de200a4f0fa9,UPDATE-RFQ
6725eacb-0224-4b65-83be-bee84df22dee,UPDATE-RFQ-STATUS
214495db-3912-40c6-88a7-afe139860d57,UPDATE-BUYER_RFQ-STATUS
d26c8c81-c7cc-479c-b779-97cdbcff8a0e,GET_USERS_BY_IDS
e7d0dcef-dbbf-4580-95b2-09f2e20e59f1,GET_ORGANIZATION_USER_RFQ
45609b42-235f-46d5-aa96-d8a7ae0ed540,GET_SUPPLIER_BID_COMPARE
bda24a5b-8497-49cd-950e-4508cb5dbdae,GET_BID_COMPARE
811b85f5-e488-429f-9fb9-29f556eb9524,CHECK-RFQ-USER-ACCESS
608f3ffc-fbb7-4b0f-9ede-821accea0686,SEND_MESSAGE
9cafde64-936d-4c25-9ea9-3d3da3177d3d,GET_MESSAGE_THREADS
fea52d7d-801e-4678-b0f0-4356c47342e8,GET_MESSAGE_HISTORY
c8bf66e3-8cda-4fbe-ac16-7e263ed28372,MARK_MESSAGE_READ
e144e094-973c-4f9d-8926-e2f4c37d6862,DOWNLOAD_MESSAGE_ATTACHMENT
48525a9c-66c0-4e2e-8c89-3a016af625ef,CREATE_MASTER_APPROVAL_FLOW
2a19c15e-d956-4979-9fee-fa7b0b3c6892,GET_MASTER_APPROVAL_FLOW
8112fc57-890a-4a39-8095-ddf73fccc25f,GET_APPROVAL_FLOW_USER_MAPPING
e58a0a14-01f2-44db-92a3-a39f6c2b7e68,GET_SUPPLIER_NAMES_BY_IDS
714fd2e9-294c-4e12-97e5-f8cbda732cab,GET_BUYER_NAME_BY_ID
b0d35246-b888-4abc-b6df-3fc511c358de,APPROVE_ITEM_MASTER
153f38f0-6ede-4c4e-8c4a-d6658d989dc5,VIEW_ITEM_MASTER_APPROVAL
13b71ed6-a8c4-4032-b51e-216bfb4de1a2,UPDATE_MASTER_APPROVAL_FLOW
c0940317-7adb-47be-baed-d24bfb7aa974,GET_ITEM_BUYER_MASTER_BY_ID
7c55a021-9970-4d3a-b935-578b793a0d8c,GET_ITEM_MASTER_APPROVAL_DETAIL
2615c972-0b16-47c4-b643-88ad7320361f,GET_APPROVAL_KPI
2705df49-177e-4db3-b1c1-a0aedfd2d345,SAVE_RFQ_AWARD
226b4949-33ff-4489-8607-fe82487def5c,UNAWARD_RFQ
c9e84b7d-268a-4701-9847-34f2aeba5737,CREATE_CONTRACT
37d1a035-3a93-4752-93bf-402639132fa9,GET_CONTRACT
ac256e7f-3653-4515-8ddc-8e9f30ea99fd,UPLOAD_CONTRACT_ASSET
bbdbf3e8-abd9-479a-bd53-d04c3aca7caa,ACCEPT_CONTRACT_TERMS
347878c8-ca41-4647-b57c-87102a6b98a9,UPDATE_CONTRACT_STATUS
fe0af80d-45d1-460d-b9e9-57568799cbe9,GET_CONTRACT_ASSET
be75f3d6-80f9-42c7-9a20-2da8d10dde5a,APPROVE_CONTRACT
55532c01-2092-4528-8e71-3ba5201800a7,UPLOAD_SUPPLIER_RFQ_TERMS_CONDITION
913c9d34-41bb-41ec-aff2-622788303a10,GET_SUPPLIER_RFQ_TERMS_CONDITION
e95ee6c2-819c-4b17-bf65-21ca1370aadb,UPLOAD_SUPPLIER_RFQ_ESIGN
5c836a70-7711-4519-a7a7-fe019aebc860,UPLOAD_RFQ_ESIGN
4315a7e4-07b5-4f94-a22e-8db36b343cb6,GET_SUPPLIER_RFQ_ESIGN
32b7427f-9191-4025-b095-90c5c6660944,GET_RFQ_ESIGN
069ca22f-e69b-4ca3-bbbc-536959d25aaf,UPDATE_BUYER_TERMS_CONDITION_STATUS
76d68d32-d1d0-4876-9ece-b94f6d9eccfd,UPDATE_SUPPLIER_TERMS_CONDITION_STATUS
e03b6775-fdd7-466a-a2b4-dee720efd8de,GET_SUPPLIER_TERMS_CONDITION_STATUS
1e09e6ac-cd4a-497a-91ab-31c7c1c92868,GET_BUYER_TERMS_CONDITION_STATUS
c76704b8-60fa-4641-ad83-d4bc0ab6557e,UPDATE_SUPPLIER_INVITED_FOR_CONTRACT
e0819475-5ecf-423b-a53f-de8bbcfd2b21,UPDATE_RFQ_CONTRACT
b11369d5-6392-4790-8bbe-a26e093e6822,GET_SIMILAR_ITEM_BUYER_MASTER
04571954-5e6d-48ee-a1cc-897f0d6042e6,UPLOAD_BUYER_TERMS_CONDITION
f1a0a001-1111-4111-8111-000000000001,GET_WISHLIST
f1a0a001-1111-4111-8111-000000000002,CREATE_WISHLIST
f1a0a001-1111-4111-8111-000000000003,UPDATE_WISHLIST
f1a0a001-1111-4111-8111-000000000004,SUBMIT_WISHLIST
f1a0a001-1111-4111-8111-000000000005,CANCEL_WISHLIST
f1a0a001-1111-4111-8111-000000000006,APPROVE_WISHLIST
f1a0a001-1111-4111-8111-000000000007,GET_WISHLIST_INTEGRATION
f1a0a001-1111-4111-8111-000000000008,RETRY_WISHLIST_INTEGRATION
f1a0a001-1111-4111-8111-000000000009,MANAGE_BUYER_ERP_INTEGRATION
f1a0a001-1111-4111-8111-00000000000a,GET_OUTLET
f1a0a001-1111-4111-8111-00000000000b,CREATE_OUTLET
f1a0a001-1111-4111-8111-00000000000c,GET_SUPPLIER_ERP_INTEGRATION
f1a0a001-1111-4111-8111-00000000000d,MANAGE_SUPPLIER_ERP_INTEGRATION
f1a0a001-1111-4111-8111-00000000000e,MANAGE_OUTLET
b3a6e0e1-8802-4eeb-9188-52317b5b298d,GET_WEEKLY_BUCKET
fd2c2632-5478-4f8f-9892-1262805e7fec,ADD_WEEKLY_BUCKET_ITEM
b30d5382-a016-4da6-8629-aea5d44a9403,DECIDE_WEEKLY_BUCKET_RECOMMENDATION
0887dcb4-0656-456f-880f-7dcf98b5e424,REVIEW_WEEKLY_BUCKET
c24462eb-6ded-4c84-87b7-f065c894825a,FREEZE_WEEKLY_BUCKET
431006f6-45dc-47e0-b23e-fdf0ecd6add9,APPROVE_WEEKLY_BUCKET
db0ff622-d86d-43ef-a08d-5a6c0da2ed9a,GET_PROPERTY
e19a1712-975f-4841-89b7-015e85362232,GET_PURCHASE_ORDER
7e903bef-059a-4f88-9aa1-47d42e3e184f,GET_SUPPLIER_PURCHASE_ORDER
a8456a8b-724d-4a65-b78b-fc5a778f55fb,MANAGE_CATALOG_MATERIAL_MAPPING
c74d101b-a084-4e4d-956d-958a1c89c7be,VIEW_INTEGRATION
ee0e3c83-1455-432b-b66e-88ac71b5f5d8,MANAGE_INTEGRATION
a125a489-36c2-42a8-8aa9-4845c94a5ed9,VIEW_SILA_INVENTORY
11f61a13-9f8e-4ede-8b24-e01e468dbdff,MANAGE_SILA_LOCATION
bcb53f6e-f02e-4671-8a9b-478e11b0d56d,POST_SILA_ADJUSTMENT
8d9eb2e5-000d-46e1-8632-33b5cf6496d4,MANAGE_SILA_TRANSFER
009d9cc9-2347-4319-8ee7-4afad3e42d8f,APPROVE_SILA_TRANSFER
41e4915e-ee38-4bfc-826b-bcab5034e698,POST_SILA_GOODS_ISSUE
c35025f8-a23f-4d8a-8ccc-e90d61face45,MANAGE_SILA_STOCK_COUNT
8483e4df-8c0f-48a7-8e4b-498c8515ea6c,APPROVE_SILA_STOCK_COUNT
f942d060-0cac-4e35-82bd-0a87a650c154,RESPOND_SILA_ENQUIRY
7419298d-29f1-497a-8f49-21e4ca37bb26,VIEW_SILA_RECIPE
6999d9f3-4272-4d72-8a4f-6314200f9faf,MANAGE_SILA_RECIPE
6ec73686-2b8d-49f3-8688-a99b378ca3ee,APPROVE_SILA_RECIPE
d55bdfd8-20fc-427b-84c1-6d8f0d12e02e,MANAGE_SILA_POS
eec5b0b4-8969-4ec5-81d5-f624c9e2b999,VIEW_SILA_RECEIVING
ca349fbe-41fc-4f74-80b2-895f7b48d745,POST_SILA_GRN
63256403-913f-4dcf-8816-f47289d1e734,MANAGE_SILA_ERP_POSTING
c769e1b0-8d76-48a3-800c-6f5a012f8d76,MANAGE_SILA_MASTER_DATA
448827f3-d83b-45fb-89d7-bb915f3f8f9f,APPROVE_SILA_PRICE
983cf832-8714-414c-834b-c65e2a6ed84b,REQUEST_SILA_PURCHASE
16e86c05-8bbd-4971-8f30-eb2074d0ca19,VIEW_SILA_AUDIT
